,Survived,Pclass,Sex,Age,SibSp,Parch,Fare,Embarked,FamilySize,Title,BooleanGender,NumericalEmbarked,NumericalTitle,NumericalSurvived,TravelingWith
0,No,3,male,22.0,1,0,7.25,S,2,Mr,0,1.0,4.0,0,Male TW/ Family
1,Yes,1,female,38.0,1,0,71.2833,C,2,Mrs,1,2.0,3.0,1,Female TW/ Family
2,Yes,3,female,26.0,0,0,7.925,S,1,Miss,1,1.0,2.0,1,Female TW/ Family
3,Yes,1,female,35.0,1,0,53.1,S,2,Mrs,1,1.0,3.0,1,Female TW/ Family
4,No,3,male,35.0,0,0,8.05,S,1,Mr,0,1.0,4.0,0,Male TW/ Family
5,No,3,male,35.0,0,0,8.4583,Q,1,Mr,0,3.0,4.0,0,Male TW/ Family
6,No,1,male,54.0,0,0,51.8625,S,1,Mr,0,1.0,4.0,0,Male TW/ Family
7,No,3,male,2.0,3,1,21.075,S,5,Master,0,1.0,1.0,0,Child TW/ Family
8,Yes,3,female,27.0,0,2,11.1333,S,3,Mrs,1,1.0,3.0,1,Female TW/ Family
9,Yes,2,female,14.0,1,0,30.0708,C,2,Mrs,1,2.0,3.0,1,Child TW/ Parent
10,Yes,3,female,4.0,1,1,16.7,S,3,Miss,1,1.0,2.0,1,Child TW/ Family
11,Yes,1,female,58.0,0,0,26.55,S,1,Miss,1,1.0,2.0,1,Female TW/ Family
12,No,3,male,20.0,0,0,8.05,S,1,Mr,0,1.0,4.0,0,Male TW/ Family
13,No,3,male,39.0,1,5,31.275,S,7,Mr,0,1.0,4.0,0,Male TW/ Family
14,No,3,female,14.0,0,0,7.8542,S,1,Miss,1,1.0,2.0,0,Child TW/ Nanny
15,Yes,2,female,55.0,0,0,16.0,S,1,Mrs,1,1.0,3.0,1,Female TW/ Family
16,No,3,male,2.0,4,1,29.125,Q,6,Master,0,3.0,1.0,0,Child TW/ Family
17,Yes,2,male,33.0,0,0,13.0,S,1,Mr,0,1.0,4.0,1,Male TW/ Family
18,No,3,female,31.0,1,0,18.0,S,2,Mrs,1,1.0,3.0,0,Female TW/ Family
19,Yes,3,female,33.0,0,0,7.225,C,1,Mrs,1,2.0,3.0,1,Female TW/ Family
20,No,2,male,35.0,0,0,26.0,S,1,Mr,0,1.0,4.0,0,Male TW/ Family
21,Yes,2,male,34.0,0,0,13.0,S,1,Mr,0,1.0,4.0,1,Male TW/ Family
22,Yes,3,female,15.0,0,0,8.0292,Q,1,Miss,1,3.0,2.0,1,Child TW/ Nanny
23,Yes,1,male,28.0,0,0,35.5,S,1,Mr,0,1.0,4.0,1,Male TW/ Family
24,No,3,female,8.0,3,1,21.075,S,5,Miss,1,1.0,2.0,0,Child TW/ Family
25,Yes,3,female,38.0,1,5,31.3875,S,7,Mrs,1,1.0,3.0,1,Female TW/ Family
26,No,3,male,20.0,0,0,7.225,C,1,Mr,0,2.0,4.0,0,Male TW/ Family
27,No,1,male,19.0,3,2,263.0,S,6,Mr,0,1.0,4.0,0,Male TW/ Family
28,Yes,3,female,12.0,0,0,7.8792,Q,1,Miss,1,3.0,2.0,1,Child TW/ Nanny
29,No,3,male,44.0,0,0,7.8958,S,1,Mr,0,1.0,4.0,0,Male TW/ Family
30,No,1,male,40.0,0,0,27.7208,C,1,Royalty,0,2.0,5.0,0,Male TW/ Family
31,Yes,1,female,24.0,1,0,146.5208,C,2,Mrs,1,2.0,3.0,1,Female TW/ Family
32,Yes,3,female,33.0,0,0,7.75,Q,1,Miss,1,3.0,2.0,1,Female TW/ Family
33,No,2,male,66.0,0,0,10.5,S,1,Mr,0,1.0,4.0,0,Male TW/ Family
34,No,1,male,28.0,1,0,82.1708,C,2,Mr,0,2.0,4.0,0,Male TW/ Family
35,No,1,male,42.0,1,0,52.0,S,2,Mr,0,1.0,4.0,0,Male TW/ Family
36,Yes,3,male,31.0,0,0,7.2292,C,1,Mr,0,2.0,4.0,1,Male TW/ Family
37,No,3,male,21.0,0,0,8.05,S,1,Mr,0,1.0,4.0,0,Male TW/ Family
38,No,3,female,18.0,2,0,18.0,S,3,Miss,1,1.0,2.0,0,Female TW/ Family
39,Yes,3,female,14.0,1,0,11.2417,C,2,Miss,1,2.0,2.0,1,Child TW/ Parent
40,No,3,female,40.0,1,0,9.475,S,2,Mrs,1,1.0,3.0,0,Female TW/ Family
41,No,2,female,27.0,1,0,21.0,S,2,Mrs,1,1.0,3.0,0,Female TW/ Family
42,No,3,male,27.0,0,0,7.8958,C,1,Mr,0,2.0,4.0,0,Male TW/ Family
43,Yes,2,female,3.0,1,2,41.5792,C,4,Miss,1,2.0,2.0,1,Child TW/ Family
44,Yes,3,female,19.0,0,0,7.8792,Q,1,Miss,1,3.0,2.0,1,Female TW/ Family
45,No,3,male,32.0,0,0,8.05,S,1,Mr,0,1.0,4.0,0,Male TW/ Family
46,No,3,male,24.0,1,0,15.5,Q,2,Mr,0,3.0,4.0,0,Male TW/ Family
47,Yes,3,female,11.0,0,0,7.75,Q,1,Miss,1,3.0,2.0,1,Child TW/ Nanny
48,No,3,male,30.0,2,0,21.6792,C,3,Mr,0,2.0,4.0,0,Male TW/ Family
49,No,3,female,18.0,1,0,17.8,S,2,Mrs,1,1.0,3.0,0,Female TW/ Family
50,No,3,male,7.0,4,1,39.6875,S,6,Master,0,1.0,1.0,0,Child TW/ Family
51,No,3,male,21.0,0,0,7.8,S,1,Mr,0,1.0,4.0,0,Male TW/ Family
52,Yes,1,female,49.0,1,0,76.7292,C,2,Mrs,1,2.0,3.0,1,Female TW/ Family
53,Yes,2,female,29.0,1,0,26.0,S,2,Mrs,1,1.0,3.0,1,Female TW/ Family
54,No,1,male,65.0,0,1,61.9792,C,2,Mr,0,2.0,4.0,0,Male TW/ Family
55,Yes,1,male,26.0,0,0,35.5,S,1,Mr,0,1.0,4.0,1,Male TW/ Family
56,Yes,2,female,21.0,0,0,10.5,S,1,Miss,1,1.0,2.0,1,Female TW/ Family
57,No,3,male,28.5,0,0,7.2292,C,1,Mr,0,2.0,4.0,0,Male TW/ Family
58,Yes,2,female,5.0,1,2,27.75,S,4,Miss,1,1.0,2.0,1,Child TW/ Family
59,No,3,male,11.0,5,2,46.9,S,8,Master,0,1.0,1.0,0,Child TW/ Family
60,No,3,male,22.0,0,0,7.2292,C,1,Mr,0,2.0,4.0,0,Male TW/ Family
61,Yes,1,female,38.0,0,0,80.0,,1,Miss,1,,2.0,1,Female TW/ Family
62,No,1,male,45.0,1,0,83.475,S,2,Mr,0,1.0,4.0,0,Male TW/ Family
63,No,3,male,4.0,3,2,27.9,S,6,Master,0,1.0,1.0,0,Child TW/ Family
64,No,1,male,35.0,0,0,27.7208,C,1,Mr,0,2.0,4.0,0,Male TW/ Family
65,Yes,3,male,1.0,1,1,15.2458,C,3,Master,0,2.0,1.0,1,Child TW/ Family
66,Yes,2,female,29.0,0,0,10.5,S,1,Mrs,1,1.0,3.0,1,Female TW/ Family
67,No,3,male,19.0,0,0,8.1583,S,1,Mr,0,1.0,4.0,0,Male TW/ Family
68,Yes,3,female,17.0,4,2,7.925,S,7,Miss,1,1.0,2.0,1,Female TW/ Family
69,No,3,male,26.0,2,0,8.6625,S,3,Mr,0,1.0,4.0,0,Male TW/ Family
70,No,2,male,32.0,0,0,10.5,S,1,Mr,0,1.0,4.0,0,Male TW/ Family
71,No,3,female,16.0,5,2,46.9,S,8,Miss,1,1.0,2.0,0,Female TW/ Family
72,No,2,male,21.0,0,0,73.5,S,1,Mr,0,1.0,4.0,0,Male TW/ Family
73,No,3,male,26.0,1,0,14.4542,C,2,Mr,0,2.0,4.0,0,Male TW/ Family
74,Yes,3,male,32.0,0,0,56.4958,S,1,Mr,0,1.0,4.0,1,Male TW/ Family
75,No,3,male,25.0,0,0,7.65,S,1,Mr,0,1.0,4.0,0,Male TW/ Family
76,No,3,male,29.0,0,0,7.8958,S,1,Mr,0,1.0,4.0,0,Male TW/ Family
77,No,3,male,35.0,0,0,8.05,S,1,Mr,0,1.0,4.0,0,Male TW/ Family
78,Yes,2,male,0.83,0,2,29.0,S,3,Master,0,1.0,1.0,1,Child TW/ Sibling
79,Yes,3,female,30.0,0,0,12.475,S,1,Miss,1,1.0,2.0,1,Female TW/ Family
80,No,3,male,22.0,0,0,9.0,S,1,Mr,0,1.0,4.0,0,Male TW/ Family
81,Yes,3,male,29.0,0,0,9.5,S,1,Mr,0,1.0,4.0,1,Male TW/ Family
82,Yes,3,female,23.0,0,0,7.7875,Q,1,Miss,1,3.0,2.0,1,Female TW/ Family
83,No,1,male,28.0,0,0,47.1,S,1,Mr,0,1.0,4.0,0,Male TW/ Family
84,Yes,2,female,17.0,0,0,10.5,S,1,Miss,1,1.0,2.0,1,Female TW/ Family
85,Yes,3,female,33.0,3,0,15.85,S,4,Mrs,1,1.0,3.0,1,Female TW/ Family
86,No,3,male,16.0,1,3,34.375,S,5,Mr,0,1.0,4.0,0,Male TW/ Family
87,No,3,male,27.0,0,0,8.05,S,1,Mr,0,1.0,4.0,0,Male TW/ Family
88,Yes,1,female,23.0,3,2,263.0,S,6,Miss,1,1.0,2.0,1,Female TW/ Family
89,No,3,male,24.0,0,0,8.05,S,1,Mr,0,1.0,4.0,0,Male TW/ Family
90,No,3,male,29.0,0,0,8.05,S,1,Mr,0,1.0,4.0,0,Male TW/ Family
91,No,3,male,20.0,0,0,7.8542,S,1,Mr,0,1.0,4.0,0,Male TW/ Family
92,No,1,male,46.0,1,0,61.175,S,2,Mr,0,1.0,4.0,0,Male TW/ Family
93,No,3,male,26.0,1,2,20.575,S,4,Mr,0,1.0,4.0,0,Male TW/ Family
94,No,3,male,59.0,0,0,7.25,S,1,Mr,0,1.0,4.0,0,Male TW/ Family
95,No,3,male,40.0,0,0,8.05,S,1,Mr,0,1.0,4.0,0,Male TW/ Family
96,No,1,male,71.0,0,0,34.6542,C,1,Mr,0,2.0,4.0,0,Male TW/ Family
97,Yes,1,male,23.0,0,1,63.3583,C,2,Mr,0,2.0,4.0,1,Male TW/ Family
98,Yes,2,female,34.0,0,1,23.0,S,2,Mrs,1,1.0,3.0,1,Female TW/ Family
99,No,2,male,34.0,1,0,26.0,S,2,Mr,0,1.0,4.0,0,Male TW/ Family
100,No,3,female,28.0,0,0,7.8958,S,1,Miss,1,1.0,2.0,0,Female TW/ Family
101,No,3,male,22.0,0,0,7.8958,S,1,Mr,0,1.0,4.0,0,Male TW/ Family
102,No,1,male,21.0,0,1,77.2875,S,2,Mr,0,1.0,4.0,0,Male TW/ Family
103,No,3,male,33.0,0,0,8.6542,S,1,Mr,0,1.0,4.0,0,Male TW/ Family
104,No,3,male,37.0,2,0,7.925,S,3,Mr,0,1.0,4.0,0,Male TW/ Family
105,No,3,male,28.0,0,0,7.8958,S,1,Mr,0,1.0,4.0,0,Male TW/ Family
106,Yes,3,female,21.0,0,0,7.65,S,1,Miss,1,1.0,2.0,1,Female TW/ Family
107,Yes,3,male,43.0,0,0,7.775,S,1,Mr,0,1.0,4.0,1,Male TW/ Family
108,No,3,male,38.0,0,0,7.8958,S,1,Mr,0,1.0,4.0,0,Male TW/ Family
109,Yes,3,female,27.0,1,0,24.15,Q,2,Miss,1,3.0,2.0,1,Female TW/ Family
110,No,1,male,47.0,0,0,52.0,S,1,Mr,0,1.0,4.0,0,Male TW/ Family
111,No,3,female,14.5,1,0,14.4542,C,2,Miss,1,2.0,2.0,0,Child TW/ Parent
112,No,3,male,22.0,0,0,8.05,S,1,Mr,0,1.0,4.0,0,Male TW/ Family
113,No,3,female,20.0,1,0,9.825,S,2,Miss,1,1.0,2.0,0,Female TW/ Family
114,No,3,female,17.0,0,0,14.4583,C,1,Miss,1,2.0,2.0,0,Female TW/ Family
115,No,3,male,21.0,0,0,7.925,S,1,Mr,0,1.0,4.0,0,Male TW/ Family
116,No,3,male,70.5,0,0,7.75,Q,1,Mr,0,3.0,4.0,0,Male TW/ Family
117,No,2,male,29.0,1,0,21.0,S,2,Mr,0,1.0,4.0,0,Male TW/ Family
118,No,1,male,24.0,0,1,247.5208,C,2,Mr,0,2.0,4.0,0,Male TW/ Family
119,No,3,female,2.0,4,2,31.275,S,7,Miss,1,1.0,2.0,0,Child TW/ Family
120,No,2,male,21.0,2,0,73.5,S,3,Mr,0,1.0,4.0,0,Male TW/ Family
121,No,3,male,36.0,0,0,8.05,S,1,Mr,0,1.0,4.0,0,Male TW/ Family
122,No,2,male,32.5,1,0,30.0708,C,2,Mr,0,2.0,4.0,0,Male TW/ Family
123,Yes,2,female,32.5,0,0,13.0,S,1,Miss,1,1.0,2.0,1,Female TW/ Family
124,No,1,male,54.0,0,1,77.2875,S,2,Mr,0,1.0,4.0,0,Male TW/ Family
125,Yes,3,male,12.0,1,0,11.2417,C,2,Master,0,2.0,1.0,1,Child TW/ Parent
126,No,3,male,36.0,0,0,7.75,Q,1,Mr,0,3.0,4.0,0,Male TW/ Family
127,Yes,3,male,24.0,0,0,7.1417,S,1,Mr,0,1.0,4.0,1,Male TW/ Family
128,Yes,3,female,29.0,1,1,22.3583,C,3,Miss,1,2.0,2.0,1,Female TW/ Family
129,No,3,male,45.0,0,0,6.975,S,1,Mr,0,1.0,4.0,0,Male TW/ Family
130,No,3,male,33.0,0,0,7.8958,C,1,Mr,0,2.0,4.0,0,Male TW/ Family
131,No,3,male,20.0,0,0,7.05,S,1,Mr,0,1.0,4.0,0,Male TW/ Family
132,No,3,female,47.0,1,0,14.5,S,2,Mrs,1,1.0,3.0,0,Female TW/ Family
133,Yes,2,female,29.0,1,0,26.0,S,2,Mrs,1,1.0,3.0,1,Female TW/ Family
134,No,2,male,25.0,0,0,13.0,S,1,Mr,0,1.0,4.0,0,Male TW/ Family
135,No,2,male,23.0,0,0,15.0458,C,1,Mr,0,2.0,4.0,0,Male TW/ Family
136,Yes,1,female,19.0,0,2,26.2833,S,3,Miss,1,1.0,2.0,1,Female TW/ Family
137,No,1,male,37.0,1,0,53.1,S,2,Mr,0,1.0,4.0,0,Male TW/ Family
138,No,3,male,16.0,0,0,9.2167,S,1,Mr,0,1.0,4.0,0,Male TW/ Family
139,No,1,male,24.0,0,0,79.2,C,1,Mr,0,2.0,4.0,0,Male TW/ Family
140,No,3,female,36.0,0,2,15.2458,C,3,Mrs,1,2.0,3.0,0,Female TW/ Family
141,Yes,3,female,22.0,0,0,7.75,S,1,Miss,1,1.0,2.0,1,Female TW/ Family
142,Yes,3,female,24.0,1,0,15.85,S,2,Mrs,1,1.0,3.0,1,Female TW/ Family
143,No,3,male,19.0,0,0,6.75,Q,1,Mr,0,3.0,4.0,0,Male TW/ Family
144,No,2,male,18.0,0,0,11.5,S,1,Mr,0,1.0,4.0,0,Male TW/ Family
145,No,2,male,19.0,1,1,36.75,S,3,Mr,0,1.0,4.0,0,Male TW/ Family
146,Yes,3,male,27.0,0,0,7.7958,S,1,Mr,0,1.0,4.0,1,Male TW/ Family
147,No,3,female,9.0,2,2,34.375,S,5,Miss,1,1.0,2.0,0,Child TW/ Family
148,No,2,male,36.5,0,2,26.0,S,3,Mr,0,1.0,4.0,0,Male TW/ Family
149,No,2,male,42.0,0,0,13.0,S,1,Officer,0,1.0,6.0,0,Male TW/ Family
150,No,2,male,51.0,0,0,12.525,S,1,Officer,0,1.0,6.0,0,Male TW/ Family
151,Yes,1,female,22.0,1,0,66.6,S,2,Mrs,1,1.0,3.0,1,Female TW/ Family
152,No,3,male,55.5,0,0,8.05,S,1,Mr,0,1.0,4.0,0,Male TW/ Family
153,No,3,male,40.5,0,2,14.5,S,3,Mr,0,1.0,4.0,0,Male TW/ Family
154,No,3,male,26.0,0,0,7.3125,S,1,Mr,0,1.0,4.0,0,Male TW/ Family
155,No,1,male,51.0,0,1,61.3792,C,2,Mr,0,2.0,4.0,0,Male TW/ Family
156,Yes,3,female,16.0,0,0,7.7333,Q,1,Miss,1,3.0,2.0,1,Female TW/ Family
157,No,3,male,30.0,0,0,8.05,S,1,Mr,0,1.0,4.0,0,Male TW/ Family
158,No,3,male,25.0,0,0,8.6625,S,1,Mr,0,1.0,4.0,0,Male TW/ Family
159,No,3,male,0.0,8,2,69.55,S,11,Master,0,1.0,1.0,0,Child TW/ Family
160,No,3,male,44.0,0,1,16.1,S,2,Mr,0,1.0,4.0,0,Male TW/ Family
161,Yes,2,female,40.0,0,0,15.75,S,1,Mrs,1,1.0,3.0,1,Female TW/ Family
162,No,3,male,26.0,0,0,7.775,S,1,Mr,0,1.0,4.0,0,Male TW/ Family
163,No,3,male,17.0,0,0,8.6625,S,1,Mr,0,1.0,4.0,0,Male TW/ Family
164,No,3,male,1.0,4,1,39.6875,S,6,Master,0,1.0,1.0,0,Child TW/ Family
165,Yes,3,male,9.0,0,2,20.525,S,3,Master,0,1.0,1.0,1,Child TW/ Sibling
166,Yes,1,female,35.0,0,1,55.0,S,2,Mrs,1,1.0,3.0,1,Female TW/ Family
167,No,3,female,45.0,1,4,27.9,S,6,Mrs,1,1.0,3.0,0,Female TW/ Family
168,No,1,male,27.0,0,0,25.925,S,1,Mr,0,1.0,4.0,0,Male TW/ Family
169,No,3,male,28.0,0,0,56.4958,S,1,Mr,0,1.0,4.0,0,Male TW/ Family
170,No,1,male,61.0,0,0,33.5,S,1,Mr,0,1.0,4.0,0,Male TW/ Family
171,No,3,male,4.0,4,1,29.125,Q,6,Master,0,3.0,1.0,0,Child TW/ Family
172,Yes,3,female,1.0,1,1,11.1333,S,3,Miss,1,1.0,2.0,1,Child TW/ Family
173,No,3,male,21.0,0,0,7.925,S,1,Mr,0,1.0,4.0,0,Male TW/ Family
174,No,1,male,56.0,0,0,30.6958,C,1,Mr,0,2.0,4.0,0,Male TW/ Family
175,No,3,male,18.0,1,1,7.8542,S,3,Mr,0,1.0,4.0,0,Male TW/ Family
176,No,3,male,7.0,3,1,25.4667,S,5,Master,0,1.0,1.0,0,Child TW/ Family
177,No,1,female,50.0,0,0,28.7125,C,1,Miss,1,2.0,2.0,0,Female TW/ Family
178,No,2,male,30.0,0,0,13.0,S,1,Mr,0,1.0,4.0,0,Male TW/ Family
179,No,3,male,36.0,0,0,0.0,S,1,Mr,0,1.0,4.0,0,Male TW/ Family
180,No,3,female,25.0,8,2,69.55,S,11,Miss,1,1.0,2.0,0,Female TW/ Family
181,No,2,male,43.0,0,0,15.05,C,1,Mr,0,2.0,4.0,0,Male TW/ Family
182,No,3,male,9.0,4,2,31.3875,S,7,Master,0,1.0,1.0,0,Child TW/ Family
183,Yes,2,male,1.0,2,1,39.0,S,4,Master,0,1.0,1.0,1,Child TW/ Family
184,Yes,3,female,4.0,0,2,22.025,S,3,Miss,1,1.0,2.0,1,Child TW/ Sibling
185,No,1,male,29.0,0,0,50.0,S,1,Mr,0,1.0,4.0,0,Male TW/ Family
186,Yes,3,female,25.0,1,0,15.5,Q,2,Mrs,1,3.0,3.0,1,Female TW/ Family
187,Yes,1,male,45.0,0,0,26.55,S,1,Mr,0,1.0,4.0,1,Male TW/ Family
188,No,3,male,40.0,1,1,15.5,Q,3,Mr,0,3.0,4.0,0,Male TW/ Family
189,No,3,male,36.0,0,0,7.8958,S,1,Mr,0,1.0,4.0,0,Male TW/ Family
190,Yes,2,female,32.0,0,0,13.0,S,1,Mrs,1,1.0,3.0,1,Female TW/ Family
191,No,2,male,19.0,0,0,13.0,S,1,Mr,0,1.0,4.0,0,Male TW/ Family
192,Yes,3,female,19.0,1,0,7.8542,S,2,Miss,1,1.0,2.0,1,Female TW/ Family
193,Yes,2,male,3.0,1,1,26.0,S,3,Master,0,1.0,1.0,1,Child TW/ Family
194,Yes,1,female,44.0,0,0,27.7208,C,1,Mrs,1,2.0,3.0,1,Female TW/ Family
195,Yes,1,female,58.0,0,0,146.5208,C,1,Miss,1,2.0,2.0,1,Female TW/ Family
196,No,3,male,29.0,0,0,7.75,Q,1,Mr,0,3.0,4.0,0,Male TW/ Family
197,No,3,male,42.0,0,1,8.4042,S,2,Mr,0,1.0,4.0,0,Male TW/ Family
198,Yes,3,female,14.0,0,0,7.75,Q,1,Miss,1,3.0,2.0,1,Child TW/ Nanny
199,No,2,female,24.0,0,0,13.0,S,1,Miss,1,1.0,2.0,0,Female TW/ Family
200,No,3,male,28.0,0,0,9.5,S,1,Mr,0,1.0,4.0,0,Male TW/ Family
201,No,3,male,29.0,8,2,69.55,S,11,Mr,0,1.0,4.0,0,Male TW/ Family
202,No,3,male,34.0,0,0,6.4958,S,1,Mr,0,1.0,4.0,0,Male TW/ Family
203,No,3,male,45.5,0,0,7.225,C,1,Mr,0,2.0,4.0,0,Male TW/ Family
204,Yes,3,male,18.0,0,0,8.05,S,1,Mr,0,1.0,4.0,1,Male TW/ Family
205,No,3,female,2.0,0,1,10.4625,S,2,Miss,1,1.0,2.0,0,Child TW/ Sibling
206,No,3,male,32.0,1,0,15.85,S,2,Mr,0,1.0,4.0,0,Male TW/ Family
207,Yes,3,male,26.0,0,0,18.7875,C,1,Mr,0,2.0,4.0,1,Male TW/ Family
208,Yes,3,female,16.0,0,0,7.75,Q,1,Miss,1,3.0,2.0,1,Female TW/ Family
209,Yes,1,male,40.0,0,0,31.0,C,1,Mr,0,2.0,4.0,1,Male TW/ Family
210,No,3,male,24.0,0,0,7.05,S,1,Mr,0,1.0,4.0,0,Male TW/ Family
211,Yes,2,female,35.0,0,0,21.0,S,1,Miss,1,1.0,2.0,1,Female TW/ Family
212,No,3,male,22.0,0,0,7.25,S,1,Mr,0,1.0,4.0,0,Male TW/ Family
213,No,2,male,30.0,0,0,13.0,S,1,Mr,0,1.0,4.0,0,Male TW/ Family
214,No,3,male,19.0,1,0,7.75,Q,2,Mr,0,3.0,4.0,0,Male TW/ Family
215,Yes,1,female,31.0,1,0,113.275,C,2,Miss,1,2.0,2.0,1,Female TW/ Family
216,Yes,3,female,27.0,0,0,7.925,S,1,Miss,1,1.0,2.0,1,Female TW/ Family
217,No,2,male,42.0,1,0,27.0,S,2,Mr,0,1.0,4.0,0,Male TW/ Family
218,Yes,1,female,32.0,0,0,76.2917,C,1,Miss,1,2.0,2.0,1,Female TW/ Family
219,No,2,male,30.0,0,0,10.5,S,1,Mr,0,1.0,4.0,0,Male TW/ Family
220,Yes,3,male,16.0,0,0,8.05,S,1,Mr,0,1.0,4.0,1,Male TW/ Family
221,No,2,male,27.0,0,0,13.0,S,1,Mr,0,1.0,4.0,0,Male TW/ Family
222,No,3,male,51.0,0,0,8.05,S,1,Mr,0,1.0,4.0,0,Male TW/ Family
223,No,3,male,37.0,0,0,7.8958,S,1,Mr,0,1.0,4.0,0,Male TW/ Family
224,Yes,1,male,38.0,1,0,90.0,S,2,Mr,0,1.0,4.0,1,Male TW/ Family
225,No,3,male,22.0,0,0,9.35,S,1,Mr,0,1.0,4.0,0,Male TW/ Family
226,Yes,2,male,19.0,0,0,10.5,S,1,Mr,0,1.0,4.0,1,Male TW/ Family
227,No,3,male,20.5,0,0,7.25,S,1,Mr,0,1.0,4.0,0,Male TW/ Family
228,No,2,male,18.0,0,0,13.0,S,1,Mr,0,1.0,4.0,0,Male TW/ Family
229,No,3,female,25.0,3,1,25.4667,S,5,Miss,1,1.0,2.0,0,Female TW/ Family
230,Yes,1,female,35.0,1,0,83.475,S,2,Mrs,1,1.0,3.0,1,Female TW/ Family
231,No,3,male,29.0,0,0,7.775,S,1,Mr,0,1.0,4.0,0,Male TW/ Family
232,No,2,male,59.0,0,0,13.5,S,1,Mr,0,1.0,4.0,0,Male TW/ Family
233,Yes,3,female,5.0,4,2,31.3875,S,7,Miss,1,1.0,2.0,1,Child TW/ Family
234,No,2,male,24.0,0,0,10.5,S,1,Mr,0,1.0,4.0,0,Male TW/ Family
235,No,3,female,23.0,0,0,7.55,S,1,Miss,1,1.0,2.0,0,Female TW/ Family
236,No,2,male,44.0,1,0,26.0,S,2,Mr,0,1.0,4.0,0,Male TW/ Family
237,Yes,2,female,8.0,0,2,26.25,S,3,Miss,1,1.0,2.0,1,Child TW/ Sibling
238,No,2,male,19.0,0,0,10.5,S,1,Mr,0,1.0,4.0,0,Male TW/ Family
239,No,2,male,33.0,0,0,12.275,S,1,Mr,0,1.0,4.0,0,Male TW/ Family
240,No,3,female,9.0,1,0,14.4542,C,2,Miss,1,2.0,2.0,0,Child TW/ Parent
241,Yes,3,female,27.0,1,0,15.5,Q,2,Miss,1,3.0,2.0,1,Female TW/ Family
242,No,2,male,29.0,0,0,10.5,S,1,Mr,0,1.0,4.0,0,Male TW/ Family
243,No,3,male,22.0,0,0,7.125,S,1,Mr,0,1.0,4.0,0,Male TW/ Family
244,No,3,male,30.0,0,0,7.225,C,1,Mr,0,2.0,4.0,0,Male TW/ Family
245,No,1,male,44.0,2,0,90.0,Q,3,Officer,0,3.0,6.0,0,Male TW/ Family
246,No,3,female,25.0,0,0,7.775,S,1,Miss,1,1.0,2.0,0,Female TW/ Family
247,Yes,2,female,24.0,0,2,14.5,S,3,Mrs,1,1.0,3.0,1,Female TW/ Family
248,Yes,1,male,37.0,1,1,52.5542,S,3,Mr,0,1.0,4.0,1,Male TW/ Family
249,No,2,male,54.0,1,0,26.0,S,2,Officer,0,1.0,6.0,0,Male TW/ Family
250,No,3,male,25.0,0,0,7.25,S,1,Mr,0,1.0,4.0,0,Male TW/ Family
251,No,3,female,29.0,1,1,10.4625,S,3,Mrs,1,1.0,3.0,0,Female TW/ Family
252,No,1,male,62.0,0,0,26.55,S,1,Mr,0,1.0,4.0,0,Male TW/ Family
253,No,3,male,30.0,1,0,16.1,S,2,Mr,0,1.0,4.0,0,Male TW/ Family
254,No,3,female,41.0,0,2,20.2125,S,3,Mrs,1,1.0,3.0,0,Female TW/ Family
255,Yes,3,female,29.0,0,2,15.2458,C,3,Mrs,1,2.0,3.0,1,Female TW/ Family
256,Yes,1,female,33.0,0,0,79.2,C,1,Mrs,1,2.0,3.0,1,Female TW/ Family
257,Yes,1,female,30.0,0,0,86.5,S,1,Miss,1,1.0,2.0,1,Female TW/ Family
258,Yes,1,female,35.0,0,0,512.3292,C,1,Miss,1,2.0,2.0,1,Female TW/ Family
259,Yes,2,female,50.0,0,1,26.0,S,2,Mrs,1,1.0,3.0,1,Female TW/ Family
260,No,3,male,28.0,0,0,7.75,Q,1,Mr,0,3.0,4.0,0,Male TW/ Family
261,Yes,3,male,3.0,4,2,31.3875,S,7,Master,0,1.0,1.0,1,Child TW/ Family
262,No,1,male,52.0,1,1,79.65,S,3,Mr,0,1.0,4.0,0,Male TW/ Family
263,No,1,male,40.0,0,0,0.0,S,1,Mr,0,1.0,4.0,0,Male TW/ Family
264,No,3,female,32.0,0,0,7.75,Q,1,Miss,1,3.0,2.0,0,Female TW/ Family
265,No,2,male,36.0,0,0,10.5,S,1,Mr,0,1.0,4.0,0,Male TW/ Family
266,No,3,male,16.0,4,1,39.6875,S,6,Mr,0,1.0,4.0,0,Male TW/ Family
267,Yes,3,male,25.0,1,0,7.775,S,2,Mr,0,1.0,4.0,1,Male TW/ Family
268,Yes,1,female,58.0,0,1,153.4625,S,2,Mrs,1,1.0,3.0,1,Female TW/ Family
269,Yes,1,female,35.0,0,0,135.6333,S,1,Miss,1,1.0,2.0,1,Female TW/ Family
270,No,1,male,33.0,0,0,31.0,S,1,Mr,0,1.0,4.0,0,Male TW/ Family
271,Yes,3,male,25.0,0,0,0.0,S,1,Mr,0,1.0,4.0,1,Male TW/ Family
272,Yes,2,female,41.0,0,1,19.5,S,2,Mrs,1,1.0,3.0,1,Female TW/ Family
273,No,1,male,37.0,0,1,29.7,C,2,Mr,0,2.0,4.0,0,Male TW/ Family
274,Yes,3,female,30.0,0,0,7.75,Q,1,Miss,1,3.0,2.0,1,Female TW/ Family
275,Yes,1,female,63.0,1,0,77.9583,S,2,Miss,1,1.0,2.0,1,Female TW/ Family
276,No,3,female,45.0,0,0,7.75,S,1,Miss,1,1.0,2.0,0,Female TW/ Family
277,No,2,male,40.0,0,0,0.0,S,1,Mr,0,1.0,4.0,0,Male TW/ Family
278,No,3,male,7.0,4,1,29.125,Q,6,Master,0,3.0,1.0,0,Child TW/ Family
279,Yes,3,female,35.0,1,1,20.25,S,3,Mrs,1,1.0,3.0,1,Female TW/ Family
280,No,3,male,65.0,0,0,7.75,Q,1,Mr,0,3.0,4.0,0,Male TW/ Family
281,No,3,male,28.0,0,0,7.8542,S,1,Mr,0,1.0,4.0,0,Male TW/ Family
282,No,3,male,16.0,0,0,9.5,S,1,Mr,0,1.0,4.0,0,Male TW/ Family
283,Yes,3,male,19.0,0,0,8.05,S,1,Mr,0,1.0,4.0,1,Male TW/ Family
284,No,1,male,27.0,0,0,26.0,S,1,Mr,0,1.0,4.0,0,Male TW/ Family
285,No,3,male,33.0,0,0,8.6625,C,1,Mr,0,2.0,4.0,0,Male TW/ Family
286,Yes,3,male,30.0,0,0,9.5,S,1,Mr,0,1.0,4.0,1,Male TW/ Family
287,No,3,male,22.0,0,0,7.8958,S,1,Mr,0,1.0,4.0,0,Male TW/ Family
288,Yes,2,male,42.0,0,0,13.0,S,1,Mr,0,1.0,4.0,1,Male TW/ Family
289,Yes,3,female,22.0,0,0,7.75,Q,1,Miss,1,3.0,2.0,1,Female TW/ Family
290,Yes,1,female,26.0,0,0,78.85,S,1,Miss,1,1.0,2.0,1,Female TW/ Family
291,Yes,1,female,19.0,1,0,91.0792,C,2,Mrs,1,2.0,3.0,1,Female TW/ Family
292,No,2,male,36.0,0,0,12.875,C,1,Mr,0,2.0,4.0,0,Male TW/ Family
293,No,3,female,24.0,0,0,8.85,S,1,Miss,1,1.0,2.0,0,Female TW/ Family
294,No,3,male,24.0,0,0,7.8958,S,1,Mr,0,1.0,4.0,0,Male TW/ Family
295,No,1,male,28.0,0,0,27.7208,C,1,Mr,0,2.0,4.0,0,Male TW/ Family
296,No,3,male,23.5,0,0,7.2292,C,1,Mr,0,2.0,4.0,0,Male TW/ Family
297,No,1,female,2.0,1,2,151.55,S,4,Miss,1,1.0,2.0,0,Child TW/ Family
298,Yes,1,male,44.0,0,0,30.5,S,1,Mr,0,1.0,4.0,1,Male TW/ Family
299,Yes,1,female,50.0,0,1,247.5208,C,2,Mrs,1,2.0,3.0,1,Female TW/ Family
300,Yes,3,female,20.0,0,0,7.75,Q,1,Miss,1,3.0,2.0,1,Female TW/ Family
301,Yes,3,male,38.0,2,0,23.25,Q,3,Mr,0,3.0,4.0,1,Male TW/ Family
302,No,3,male,19.0,0,0,0.0,S,1,Mr,0,1.0,4.0,0,Male TW/ Family
303,Yes,2,female,21.0,0,0,12.35,Q,1,Miss,1,3.0,2.0,1,Female TW/ Family
304,No,3,male,42.0,0,0,8.05,S,1,Mr,0,1.0,4.0,0,Male TW/ Family
305,Yes,1,male,0.92,1,2,151.55,S,4,Master,0,1.0,1.0,1,Child TW/ Family
306,Yes,1,female,12.0,0,0,110.8833,C,1,Miss,1,2.0,2.0,1,Child TW/ Nanny
307,Yes,1,female,17.0,1,0,108.9,C,2,Mrs,1,2.0,3.0,1,Female TW/ Family
308,No,2,male,30.0,1,0,24.0,C,2,Mr,0,2.0,4.0,0,Male TW/ Family
309,Yes,1,female,30.0,0,0,56.9292,C,1,Miss,1,2.0,2.0,1,Female TW/ Family
310,Yes,1,female,24.0,0,0,83.1583,C,1,Miss,1,2.0,2.0,1,Female TW/ Family
311,Yes,1,female,18.0,2,2,262.375,C,5,Miss,1,2.0,2.0,1,Female TW/ Family
312,No,2,female,26.0,1,1,26.0,S,3,Mrs,1,1.0,3.0,0,Female TW/ Family
313,No,3,male,28.0,0,0,7.8958,S,1,Mr,0,1.0,4.0,0,Male TW/ Family
314,No,2,male,43.0,1,1,26.25,S,3,Mr,0,1.0,4.0,0,Male TW/ Family
315,Yes,3,female,26.0,0,0,7.8542,S,1,Miss,1,1.0,2.0,1,Female TW/ Family
316,Yes,2,female,24.0,1,0,26.0,S,2,Mrs,1,1.0,3.0,1,Female TW/ Family
317,No,2,male,54.0,0,0,14.0,S,1,Officer,0,1.0,6.0,0,Male TW/ Family
318,Yes,1,female,31.0,0,2,164.8667,S,3,Miss,1,1.0,2.0,1,Female TW/ Family
319,Yes,1,female,40.0,1,1,134.5,C,3,Mrs,1,2.0,3.0,1,Female TW/ Family
320,No,3,male,22.0,0,0,7.25,S,1,Mr,0,1.0,4.0,0,Male TW/ Family
321,No,3,male,27.0,0,0,7.8958,S,1,Mr,0,1.0,4.0,0,Male TW/ Family
322,Yes,2,female,30.0,0,0,12.35,Q,1,Miss,1,3.0,2.0,1,Female TW/ Family
323,Yes,2,female,22.0,1,1,29.0,S,3,Mrs,1,1.0,3.0,1,Female TW/ Family
324,No,3,male,25.0,8,2,69.55,S,11,Mr,0,1.0,4.0,0,Male TW/ Family
325,Yes,1,female,36.0,0,0,135.6333,C,1,Miss,1,2.0,2.0,1,Female TW/ Family
326,No,3,male,61.0,0,0,6.2375,S,1,Mr,0,1.0,4.0,0,Male TW/ Family
327,Yes,2,female,36.0,0,0,13.0,S,1,Mrs,1,1.0,3.0,1,Female TW/ Family
328,Yes,3,female,31.0,1,1,20.525,S,3,Mrs,1,1.0,3.0,1,Female TW/ Family
329,Yes,1,female,16.0,0,1,57.9792,C,2,Miss,1,2.0,2.0,1,Female TW/ Family
330,Yes,3,female,19.0,2,0,23.25,Q,3,Miss,1,3.0,2.0,1,Female TW/ Family
331,No,1,male,45.5,0,0,28.5,S,1,Mr,0,1.0,4.0,0,Male TW/ Family
332,No,1,male,38.0,0,1,153.4625,S,2,Mr,0,1.0,4.0,0,Male TW/ Family
333,No,3,male,16.0,2,0,18.0,S,3,Mr,0,1.0,4.0,0,Male TW/ Family
334,Yes,1,female,25.0,1,0,133.65,S,2,Mrs,1,1.0,3.0,1,Female TW/ Family
335,No,3,male,27.0,0,0,7.8958,S,1,Mr,0,1.0,4.0,0,Male TW/ Family
336,No,1,male,29.0,1,0,66.6,S,2,Mr,0,1.0,4.0,0,Male TW/ Family
337,Yes,1,female,41.0,0,0,134.5,C,1,Miss,1,2.0,2.0,1,Female TW/ Family
338,Yes,3,male,45.0,0,0,8.05,S,1,Mr,0,1.0,4.0,1,Male TW/ Family
339,No,1,male,45.0,0,0,35.5,S,1,Mr,0,1.0,4.0,0,Male TW/ Family
340,Yes,2,male,2.0,1,1,26.0,S,3,Master,0,1.0,1.0,1,Child TW/ Family
341,Yes,1,female,24.0,3,2,263.0,S,6,Miss,1,1.0,2.0,1,Female TW/ Family
342,No,2,male,28.0,0,0,13.0,S,1,Mr,0,1.0,4.0,0,Male TW/ Family
343,No,2,male,25.0,0,0,13.0,S,1,Mr,0,1.0,4.0,0,Male TW/ Family
344,No,2,male,36.0,0,0,13.0,S,1,Mr,0,1.0,4.0,0,Male TW/ Family
345,Yes,2,female,24.0,0,0,13.0,S,1,Miss,1,1.0,2.0,1,Female TW/ Family
346,Yes,2,female,40.0,0,0,13.0,S,1,Miss,1,1.0,2.0,1,Female TW/ Family
347,Yes,3,female,39.0,1,0,16.1,S,2,Mrs,1,1.0,3.0,1,Female TW/ Family
348,Yes,3,male,3.0,1,1,15.9,S,3,Master,0,1.0,1.0,1,Child TW/ Family
349,No,3,male,42.0,0,0,8.6625,S,1,Mr,0,1.0,4.0,0,Male TW/ Family
350,No,3,male,23.0,0,0,9.225,S,1,Mr,0,1.0,4.0,0,Male TW/ Family
351,No,1,male,27.0,0,0,35.0,S,1,Mr,0,1.0,4.0,0,Male TW/ Family
352,No,3,male,15.0,1,1,7.2292,C,3,Mr,0,2.0,4.0,0,Child TW/ Family
353,No,3,male,25.0,1,0,17.8,S,2,Mr,0,1.0,4.0,0,Male TW/ Family
354,No,3,male,24.0,0,0,7.225,C,1,Mr,0,2.0,4.0,0,Male TW/ Family
355,No,3,male,28.0,0,0,9.5,S,1,Mr,0,1.0,4.0,0,Male TW/ Family
356,Yes,1,female,22.0,0,1,55.0,S,2,Miss,1,1.0,2.0,1,Female TW/ Family
357,No,2,female,38.0,0,0,13.0,S,1,Miss,1,1.0,2.0,0,Female TW/ Family
358,Yes,3,female,26.0,0,0,7.8792,Q,1,Miss,1,3.0,2.0,1,Female TW/ Family
359,Yes,3,female,15.0,0,0,7.8792,Q,1,Miss,1,3.0,2.0,1,Child TW/ Nanny
360,No,3,male,40.0,1,4,27.9,S,6,Mr,0,1.0,4.0,0,Male TW/ Family
361,No,2,male,29.0,1,0,27.7208,C,2,Mr,0,2.0,4.0,0,Male TW/ Family
362,No,3,female,45.0,0,1,14.4542,C,2,Mrs,1,2.0,3.0,0,Female TW/ Family
363,No,3,male,35.0,0,0,7.05,S,1,Mr,0,1.0,4.0,0,Male TW/ Family
364,No,3,male,24.0,1,0,15.5,Q,2,Mr,0,3.0,4.0,0,Male TW/ Family
365,No,3,male,30.0,0,0,7.25,S,1,Mr,0,1.0,4.0,0,Male TW/ Family
366,Yes,1,female,60.0,1,0,75.25,C,2,Mrs,1,2.0,3.0,1,Female TW/ Family
367,Yes,3,female,27.0,0,0,7.2292,C,1,Mrs,1,2.0,3.0,1,Female TW/ Family
368,Yes,3,female,17.0,0,0,7.75,Q,1,Miss,1,3.0,2.0,1,Female TW/ Family
369,Yes,1,female,24.0,0,0,69.3,C,1,Mrs,1,2.0,3.0,1,Female TW/ Family
370,Yes,1,male,25.0,1,0,55.4417,C,2,Mr,0,2.0,4.0,1,Male TW/ Family
371,No,3,male,18.0,1,0,6.4958,S,2,Mr,0,1.0,4.0,0,Male TW/ Family
372,No,3,male,19.0,0,0,8.05,S,1,Mr,0,1.0,4.0,0,Male TW/ Family
373,No,1,male,22.0,0,0,135.6333,C,1,Mr,0,2.0,4.0,0,Male TW/ Family
374,No,3,female,3.0,3,1,21.075,S,5,Miss,1,1.0,2.0,0,Child TW/ Family
375,Yes,1,female,46.0,1,0,82.1708,C,2,Mrs,1,2.0,3.0,1,Female TW/ Family
376,Yes,3,female,22.0,0,0,7.25,S,1,Miss,1,1.0,2.0,1,Female TW/ Family
377,No,1,male,27.0,0,2,211.5,C,3,Mr,0,2.0,4.0,0,Male TW/ Family
378,No,3,male,20.0,0,0,4.0125,C,1,Mr,0,2.0,4.0,0,Male TW/ Family
379,No,3,male,19.0,0,0,7.775,S,1,Mr,0,1.0,4.0,0,Male TW/ Family
380,Yes,1,female,42.0,0,0,227.525,C,1,Miss,1,2.0,2.0,1,Female TW/ Family
381,Yes,3,female,1.0,0,2,15.7417,C,3,Miss,1,2.0,2.0,1,Child TW/ Sibling
382,No,3,male,32.0,0,0,7.925,S,1,Mr,0,1.0,4.0,0,Male TW/ Family
383,Yes,1,female,35.0,1,0,52.0,S,2,Mrs,1,1.0,3.0,1,Female TW/ Family
384,No,3,male,23.0,0,0,7.8958,S,1,Mr,0,1.0,4.0,0,Male TW/ Family
385,No,2,male,18.0,0,0,73.5,S,1,Mr,0,1.0,4.0,0,Male TW/ Family
386,No,3,male,1.0,5,2,46.9,S,8,Master,0,1.0,1.0,0,Child TW/ Family
387,Yes,2,female,36.0,0,0,13.0,S,1,Miss,1,1.0,2.0,1,Female TW/ Family
388,No,3,male,34.0,0,0,7.7292,Q,1,Mr,0,3.0,4.0,0,Male TW/ Family
389,Yes,2,female,17.0,0,0,12.0,C,1,Miss,1,2.0,2.0,1,Female TW/ Family
390,Yes,1,male,36.0,1,2,120.0,S,4,Mr,0,1.0,4.0,1,Male TW/ Family
391,Yes,3,male,21.0,0,0,7.7958,S,1,Mr,0,1.0,4.0,1,Male TW/ Family
392,No,3,male,28.0,2,0,7.925,S,3,Mr,0,1.0,4.0,0,Male TW/ Family
393,Yes,1,female,23.0,1,0,113.275,C,2,Miss,1,2.0,2.0,1,Female TW/ Family
394,Yes,3,female,24.0,0,2,16.7,S,3,Mrs,1,1.0,3.0,1,Female TW/ Family
395,No,3,male,22.0,0,0,7.7958,S,1,Mr,0,1.0,4.0,0,Male TW/ Family
396,No,3,female,31.0,0,0,7.8542,S,1,Miss,1,1.0,2.0,0,Female TW/ Family
397,No,2,male,46.0,0,0,26.0,S,1,Mr,0,1.0,4.0,0,Male TW/ Family
398,No,2,male,23.0,0,0,10.5,S,1,Officer,0,1.0,6.0,0,Male TW/ Family
399,Yes,2,female,28.0,0,0,12.65,S,1,Mrs,1,1.0,3.0,1,Female TW/ Family
400,Yes,3,male,39.0,0,0,7.925,S,1,Mr,0,1.0,4.0,1,Male TW/ Family
401,No,3,male,26.0,0,0,8.05,S,1,Mr,0,1.0,4.0,0,Male TW/ Family
402,No,3,female,21.0,1,0,9.825,S,2,Miss,1,1.0,2.0,0,Female TW/ Family
403,No,3,male,28.0,1,0,15.85,S,2,Mr,0,1.0,4.0,0,Male TW/ Family
404,No,3,female,20.0,0,0,8.6625,S,1,Miss,1,1.0,2.0,0,Female TW/ Family
405,No,2,male,34.0,1,0,21.0,S,2,Mr,0,1.0,4.0,0,Male TW/ Family
406,No,3,male,51.0,0,0,7.75,S,1,Mr,0,1.0,4.0,0,Male TW/ Family
407,Yes,2,male,3.0,1,1,18.75,S,3,Master,0,1.0,1.0,1,Child TW/ Family
408,No,3,male,21.0,0,0,7.775,S,1,Mr,0,1.0,4.0,0,Male TW/ Family
409,No,3,female,33.0,3,1,25.4667,S,5,Miss,1,1.0,2.0,0,Female TW/ Family
410,No,3,male,29.0,0,0,7.8958,S,1,Mr,0,1.0,4.0,0,Male TW/ Family
411,No,3,male,21.0,0,0,6.8583,Q,1,Mr,0,3.0,4.0,0,Male TW/ Family
412,Yes,1,female,33.0,1,0,90.0,Q,2,Miss,1,3.0,2.0,1,Female TW/ Family
413,No,2,male,43.0,0,0,0.0,S,1,Mr,0,1.0,4.0,0,Male TW/ Family
414,Yes,3,male,44.0,0,0,7.925,S,1,Mr,0,1.0,4.0,1,Male TW/ Family
415,No,3,female,26.0,0,0,8.05,S,1,Mrs,1,1.0,3.0,0,Female TW/ Family
416,Yes,2,female,34.0,1,1,32.5,S,3,Mrs,1,1.0,3.0,1,Female TW/ Family
417,Yes,2,female,18.0,0,2,13.0,S,3,Miss,1,1.0,2.0,1,Female TW/ Family
418,No,2,male,30.0,0,0,13.0,S,1,Mr,0,1.0,4.0,0,Male TW/ Family
419,No,3,female,10.0,0,2,24.15,S,3,Miss,1,1.0,2.0,0,Child TW/ Sibling
420,No,3,male,39.0,0,0,7.8958,C,1,Mr,0,2.0,4.0,0,Male TW/ Family
421,No,3,male,21.0,0,0,7.7333,Q,1,Mr,0,3.0,4.0,0,Male TW/ Family
422,No,3,male,29.0,0,0,7.875,S,1,Mr,0,1.0,4.0,0,Male TW/ Family
423,No,3,female,28.0,1,1,14.4,S,3,Mrs,1,1.0,3.0,0,Female TW/ Family
424,No,3,male,18.0,1,1,20.2125,S,3,Mr,0,1.0,4.0,0,Male TW/ Family
425,No,3,male,27.0,0,0,7.25,S,1,Mr,0,1.0,4.0,0,Male TW/ Family
426,Yes,2,female,28.0,1,0,26.0,S,2,Mrs,1,1.0,3.0,1,Female TW/ Family
427,Yes,2,female,19.0,0,0,26.0,S,1,Miss,1,1.0,2.0,1,Female TW/ Family
428,No,3,male,33.0,0,0,7.75,Q,1,Mr,0,3.0,4.0,0,Male TW/ Family
429,Yes,3,male,32.0,0,0,8.05,S,1,Mr,0,1.0,4.0,1,Male TW/ Family
430,Yes,1,male,28.0,0,0,26.55,S,1,Mr,0,1.0,4.0,1,Male TW/ Family
431,Yes,3,female,35.0,1,0,16.1,S,2,Mrs,1,1.0,3.0,1,Female TW/ Family
432,Yes,2,female,42.0,1,0,26.0,S,2,Mrs,1,1.0,3.0,1,Female TW/ Family
433,No,3,male,17.0,0,0,7.125,S,1,Mr,0,1.0,4.0,0,Male TW/ Family
434,No,1,male,50.0,1,0,55.9,S,2,Mr,0,1.0,4.0,0,Male TW/ Family
435,Yes,1,female,14.0,1,2,120.0,S,4,Miss,1,1.0,2.0,1,Child TW/ Family
436,No,3,female,21.0,2,2,34.375,S,5,Miss,1,1.0,2.0,0,Female TW/ Family
437,Yes,2,female,24.0,2,3,18.75,S,6,Mrs,1,1.0,3.0,1,Female TW/ Family
438,No,1,male,64.0,1,4,263.0,S,6,Mr,0,1.0,4.0,0,Male TW/ Family
439,No,2,male,31.0,0,0,10.5,S,1,Mr,0,1.0,4.0,0,Male TW/ Family
440,Yes,2,female,45.0,1,1,26.25,S,3,Mrs,1,1.0,3.0,1,Female TW/ Family
441,No,3,male,20.0,0,0,9.5,S,1,Mr,0,1.0,4.0,0,Male TW/ Family
442,No,3,male,25.0,1,0,7.775,S,2,Mr,0,1.0,4.0,0,Male TW/ Family
443,Yes,2,female,28.0,0,0,13.0,S,1,Mrs,1,1.0,3.0,1,Female TW/ Family
444,Yes,3,male,29.0,0,0,8.1125,S,1,Mr,0,1.0,4.0,1,Male TW/ Family
445,Yes,1,male,4.0,0,2,81.8583,S,3,Master,0,1.0,1.0,1,Child TW/ Sibling
446,Yes,2,female,13.0,0,1,19.5,S,2,Miss,1,1.0,2.0,1,Child TW/ Sibling
447,Yes,1,male,34.0,0,0,26.55,S,1,Mr,0,1.0,4.0,1,Male TW/ Family
448,Yes,3,female,5.0,2,1,19.2583,C,4,Miss,1,2.0,2.0,1,Child TW/ Family
449,Yes,1,male,52.0,0,0,30.5,S,1,Officer,0,1.0,6.0,1,Male TW/ Family
450,No,2,male,36.0,1,2,27.75,S,4,Mr,0,1.0,4.0,0,Male TW/ Family
451,No,3,male,21.0,1,0,19.9667,S,2,Mr,0,1.0,4.0,0,Male TW/ Family
452,No,1,male,30.0,0,0,27.75,C,1,Mr,0,2.0,4.0,0,Male TW/ Family
453,Yes,1,male,49.0,1,0,89.1042,C,2,Mr,0,2.0,4.0,1,Male TW/ Family
454,No,3,male,31.0,0,0,8.05,S,1,Mr,0,1.0,4.0,0,Male TW/ Family
455,Yes,3,male,29.0,0,0,7.8958,C,1,Mr,0,2.0,4.0,1,Male TW/ Family
456,No,1,male,65.0,0,0,26.55,S,1,Mr,0,1.0,4.0,0,Male TW/ Family
457,Yes,1,female,38.0,1,0,51.8625,S,2,Mrs,1,1.0,3.0,1,Female TW/ Family
458,Yes,2,female,50.0,0,0,10.5,S,1,Miss,1,1.0,2.0,1,Female TW/ Family
459,No,3,male,39.0,0,0,7.75,Q,1,Mr,0,3.0,4.0,0,Male TW/ Family
460,Yes,1,male,48.0,0,0,26.55,S,1,Mr,0,1.0,4.0,1,Male TW/ Family
461,No,3,male,34.0,0,0,8.05,S,1,Mr,0,1.0,4.0,0,Male TW/ Family
462,No,1,male,47.0,0,0,38.5,S,1,Mr,0,1.0,4.0,0,Male TW/ Family
463,No,2,male,48.0,0,0,13.0,S,1,Mr,0,1.0,4.0,0,Male TW/ Family
464,No,3,male,22.0,0,0,8.05,S,1,Mr,0,1.0,4.0,0,Male TW/ Family
465,No,3,male,38.0,0,0,7.05,S,1,Mr,0,1.0,4.0,0,Male TW/ Family
466,No,2,male,42.0,0,0,0.0,S,1,Mr,0,1.0,4.0,0,Male TW/ Family
467,No,1,male,56.0,0,0,26.55,S,1,Mr,0,1.0,4.0,0,Male TW/ Family
468,No,3,male,42.0,0,0,7.725,Q,1,Mr,0,3.0,4.0,0,Male TW/ Family
469,Yes,3,female,0.75,2,1,19.2583,C,4,Miss,1,2.0,2.0,1,Child TW/ Family
470,No,3,male,26.0,0,0,7.25,S,1,Mr,0,1.0,4.0,0,Male TW/ Family
471,No,3,male,38.0,0,0,8.6625,S,1,Mr,0,1.0,4.0,0,Male TW/ Family
472,Yes,2,female,33.0,1,2,27.75,S,4,Mrs,1,1.0,3.0,1,Female TW/ Family
473,Yes,2,female,23.0,0,0,13.7917,C,1,Mrs,1,2.0,3.0,1,Female TW/ Family
474,No,3,female,22.0,0,0,9.8375,S,1,Miss,1,1.0,2.0,0,Female TW/ Family
475,No,1,male,30.0,0,0,52.0,S,1,Mr,0,1.0,4.0,0,Male TW/ Family
476,No,2,male,34.0,1,0,21.0,S,2,Mr,0,1.0,4.0,0,Male TW/ Family
477,No,3,male,29.0,1,0,7.0458,S,2,Mr,0,1.0,4.0,0,Male TW/ Family
478,No,3,male,22.0,0,0,7.5208,S,1,Mr,0,1.0,4.0,0,Male TW/ Family
479,Yes,3,female,2.0,0,1,12.2875,S,2,Miss,1,1.0,2.0,1,Child TW/ Sibling
480,No,3,male,9.0,5,2,46.9,S,8,Master,0,1.0,1.0,0,Child TW/ Family
481,No,2,male,22.0,0,0,0.0,S,1,Mr,0,1.0,4.0,0,Male TW/ Family
482,No,3,male,50.0,0,0,8.05,S,1,Mr,0,1.0,4.0,0,Male TW/ Family
483,Yes,3,female,63.0,0,0,9.5875,S,1,Mrs,1,1.0,3.0,1,Female TW/ Family
484,Yes,1,male,25.0,1,0,91.0792,C,2,Mr,0,2.0,4.0,1,Male TW/ Family
485,No,3,female,25.0,3,1,25.4667,S,5,Miss,1,1.0,2.0,0,Female TW/ Family
486,Yes,1,female,35.0,1,0,90.0,S,2,Mrs,1,1.0,3.0,1,Female TW/ Family
487,No,1,male,58.0,0,0,29.7,C,1,Mr,0,2.0,4.0,0,Male TW/ Family
488,No,3,male,30.0,0,0,8.05,S,1,Mr,0,1.0,4.0,0,Male TW/ Family
489,Yes,3,male,9.0,1,1,15.9,S,3,Master,0,1.0,1.0,1,Child TW/ Family
490,No,3,male,31.0,1,0,19.9667,S,2,Mr,0,1.0,4.0,0,Male TW/ Family
491,No,3,male,21.0,0,0,7.25,S,1,Mr,0,1.0,4.0,0,Male TW/ Family
492,No,1,male,55.0,0,0,30.5,S,1,Mr,0,1.0,4.0,0,Male TW/ Family
493,No,1,male,71.0,0,0,49.5042,C,1,Mr,0,2.0,4.0,0,Male TW/ Family
494,No,3,male,21.0,0,0,8.05,S,1,Mr,0,1.0,4.0,0,Male TW/ Family
495,No,3,male,36.0,0,0,14.4583,C,1,Mr,0,2.0,4.0,0,Male TW/ Family
496,Yes,1,female,54.0,1,0,78.2667,C,2,Miss,1,2.0,2.0,1,Female TW/ Family
497,No,3,male,27.0,0,0,15.1,S,1,Mr,0,1.0,4.0,0,Male TW/ Family
498,No,1,female,25.0,1,2,151.55,S,4,Mrs,1,1.0,3.0,0,Female TW/ Family
499,No,3,male,24.0,0,0,7.7958,S,1,Mr,0,1.0,4.0,0,Male TW/ Family
500,No,3,male,17.0,0,0,8.6625,S,1,Mr,0,1.0,4.0,0,Male TW/ Family
501,No,3,female,21.0,0,0,7.75,Q,1,Miss,1,3.0,2.0,0,Female TW/ Family
502,No,3,female,18.0,0,0,7.6292,Q,1,Miss,1,3.0,2.0,0,Female TW/ Family
503,No,3,female,37.0,0,0,9.5875,S,1,Miss,1,1.0,2.0,0,Female TW/ Family
504,Yes,1,female,16.0,0,0,86.5,S,1,Miss,1,1.0,2.0,1,Female TW/ Family
505,No,1,male,18.0,1,0,108.9,C,2,Mr,0,2.0,4.0,0,Male TW/ Family
506,Yes,2,female,33.0,0,2,26.0,S,3,Mrs,1,1.0,3.0,1,Female TW/ Family
507,Yes,1,male,34.0,0,0,26.55,S,1,Mr,0,1.0,4.0,1,Male TW/ Family
508,No,3,male,28.0,0,0,22.525,S,1,Mr,0,1.0,4.0,0,Male TW/ Family
509,Yes,3,male,26.0,0,0,56.4958,S,1,Mr,0,1.0,4.0,1,Male TW/ Family
510,Yes,3,male,29.0,0,0,7.75,Q,1,Mr,0,3.0,4.0,1,Male TW/ Family
511,No,3,male,28.0,0,0,8.05,S,1,Mr,0,1.0,4.0,0,Male TW/ Family
512,Yes,1,male,36.0,0,0,26.2875,S,1,Mr,0,1.0,4.0,1,Male TW/ Family
513,Yes,1,female,54.0,1,0,59.4,C,2,Mrs,1,2.0,3.0,1,Female TW/ Family
514,No,3,male,24.0,0,0,7.4958,S,1,Mr,0,1.0,4.0,0,Male TW/ Family
515,No,1,male,47.0,0,0,34.0208,S,1,Mr,0,1.0,4.0,0,Male TW/ Family
516,Yes,2,female,34.0,0,0,10.5,S,1,Mrs,1,1.0,3.0,1,Female TW/ Family
517,No,3,male,30.0,0,0,24.15,Q,1,Mr,0,3.0,4.0,0,Male TW/ Family
518,Yes,2,female,36.0,1,0,26.0,S,2,Mrs,1,1.0,3.0,1,Female TW/ Family
519,No,3,male,32.0,0,0,7.8958,S,1,Mr,0,1.0,4.0,0,Male TW/ Family
520,Yes,1,female,30.0,0,0,93.5,S,1,Miss,1,1.0,2.0,1,Female TW/ Family
521,No,3,male,22.0,0,0,7.8958,S,1,Mr,0,1.0,4.0,0,Male TW/ Family
522,No,3,male,40.0,0,0,7.225,C,1,Mr,0,2.0,4.0,0,Male TW/ Family
523,Yes,1,female,44.0,0,1,57.9792,C,2,Mrs,1,2.0,3.0,1,Female TW/ Family
524,No,3,male,35.0,0,0,7.2292,C,1,Mr,0,2.0,4.0,0,Male TW/ Family
525,No,3,male,40.5,0,0,7.75,Q,1,Mr,0,3.0,4.0,0,Male TW/ Family
526,Yes,2,female,50.0,0,0,10.5,S,1,Miss,1,1.0,2.0,1,Female TW/ Family
527,No,1,male,20.0,0,0,221.7792,S,1,Mr,0,1.0,4.0,0,Male TW/ Family
528,No,3,male,39.0,0,0,7.925,S,1,Mr,0,1.0,4.0,0,Male TW/ Family
529,No,2,male,23.0,2,1,11.5,S,4,Mr,0,1.0,4.0,0,Male TW/ Family
530,Yes,2,female,2.0,1,1,26.0,S,3,Miss,1,1.0,2.0,1,Child TW/ Family
531,No,3,male,32.0,0,0,7.2292,C,1,Mr,0,2.0,4.0,0,Male TW/ Family
532,No,3,male,17.0,1,1,7.2292,C,3,Mr,0,2.0,4.0,0,Male TW/ Family
533,Yes,3,female,33.0,0,2,22.3583,C,3,Mrs,1,2.0,3.0,1,Female TW/ Family
534,No,3,female,30.0,0,0,8.6625,S,1,Miss,1,1.0,2.0,0,Female TW/ Family
535,Yes,2,female,7.0,0,2,26.25,S,3,Miss,1,1.0,2.0,1,Child TW/ Sibling
536,No,1,male,45.0,0,0,26.55,S,1,Officer,0,1.0,6.0,0,Male TW/ Family
537,Yes,1,female,30.0,0,0,106.425,C,1,Miss,1,2.0,2.0,1,Female TW/ Family
538,No,3,male,42.0,0,0,14.5,S,1,Mr,0,1.0,4.0,0,Male TW/ Family
539,Yes,1,female,22.0,0,2,49.5,C,3,Miss,1,2.0,2.0,1,Female TW/ Family
540,Yes,1,female,36.0,0,2,71.0,S,3,Miss,1,1.0,2.0,1,Female TW/ Family
541,No,3,female,9.0,4,2,31.275,S,7,Miss,1,1.0,2.0,0,Child TW/ Family
542,No,3,female,11.0,4,2,31.275,S,7,Miss,1,1.0,2.0,0,Child TW/ Family
543,Yes,2,male,32.0,1,0,26.0,S,2,Mr,0,1.0,4.0,1,Male TW/ Family
544,No,1,male,50.0,1,0,106.425,C,2,Mr,0,2.0,4.0,0,Male TW/ Family
545,No,1,male,64.0,0,0,26.0,S,1,Mr,0,1.0,4.0,0,Male TW/ Family
546,Yes,2,female,19.0,1,0,26.0,S,2,Mrs,1,1.0,3.0,1,Female TW/ Family
547,Yes,2,male,37.0,0,0,13.8625,C,1,Mr,0,2.0,4.0,1,Male TW/ Family
548,No,3,male,33.0,1,1,20.525,S,3,Mr,0,1.0,4.0,0,Male TW/ Family
549,Yes,2,male,8.0,1,1,36.75,S,3,Master,0,1.0,1.0,1,Child TW/ Family
550,Yes,1,male,17.0,0,2,110.8833,C,3,Mr,0,2.0,4.0,1,Male TW/ Family
551,No,2,male,27.0,0,0,26.0,S,1,Mr,0,1.0,4.0,0,Male TW/ Family
552,No,3,male,41.0,0,0,7.8292,Q,1,Mr,0,3.0,4.0,0,Male TW/ Family
553,Yes,3,male,22.0,0,0,7.225,C,1,Mr,0,2.0,4.0,1,Male TW/ Family
554,Yes,3,female,22.0,0,0,7.775,S,1,Miss,1,1.0,2.0,1,Female TW/ Family
555,No,1,male,62.0,0,0,26.55,S,1,Mr,0,1.0,4.0,0,Male TW/ Family
556,Yes,1,female,48.0,1,0,39.6,C,2,Royalty,1,2.0,5.0,1,Female TW/ Family
557,No,1,male,36.0,0,0,227.525,C,1,Mr,0,2.0,4.0,0,Male TW/ Family
558,Yes,1,female,39.0,1,1,79.65,S,3,Mrs,1,1.0,3.0,1,Female TW/ Family
559,Yes,3,female,36.0,1,0,17.4,S,2,Mrs,1,1.0,3.0,1,Female TW/ Family
560,No,3,male,29.0,0,0,7.75,Q,1,Mr,0,3.0,4.0,0,Male TW/ Family
561,No,3,male,40.0,0,0,7.8958,S,1,Mr,0,1.0,4.0,0,Male TW/ Family
562,No,2,male,28.0,0,0,13.5,S,1,Mr,0,1.0,4.0,0,Male TW/ Family
563,No,3,male,31.0,0,0,8.05,S,1,Mr,0,1.0,4.0,0,Male TW/ Family
564,No,3,female,9.0,0,0,8.05,S,1,Miss,1,1.0,2.0,0,Child TW/ Nanny
565,No,3,male,24.0,2,0,24.15,S,3,Mr,0,1.0,4.0,0,Male TW/ Family
566,No,3,male,19.0,0,0,7.8958,S,1,Mr,0,1.0,4.0,0,Male TW/ Family
567,No,3,female,29.0,0,4,21.075,S,5,Mrs,1,1.0,3.0,0,Female TW/ Family
568,No,3,male,28.0,0,0,7.2292,C,1,Mr,0,2.0,4.0,0,Male TW/ Family
569,Yes,3,male,32.0,0,0,7.8542,S,1,Mr,0,1.0,4.0,1,Male TW/ Family
570,Yes,2,male,62.0,0,0,10.5,S,1,Mr,0,1.0,4.0,1,Male TW/ Family
571,Yes,1,female,53.0,2,0,51.4792,S,3,Mrs,1,1.0,3.0,1,Female TW/ Family
572,Yes,1,male,36.0,0,0,26.3875,S,1,Mr,0,1.0,4.0,1,Male TW/ Family
573,Yes,3,female,16.0,0,0,7.75,Q,1,Miss,1,3.0,2.0,1,Female TW/ Family
574,No,3,male,16.0,0,0,8.05,S,1,Mr,0,1.0,4.0,0,Male TW/ Family
575,No,3,male,19.0,0,0,14.5,S,1,Mr,0,1.0,4.0,0,Male TW/ Family
576,Yes,2,female,34.0,0,0,13.0,S,1,Miss,1,1.0,2.0,1,Female TW/ Family
577,Yes,1,female,39.0,1,0,55.9,S,2,Mrs,1,1.0,3.0,1,Female TW/ Family
578,No,3,female,42.0,1,0,14.4583,C,2,Mrs,1,2.0,3.0,0,Female TW/ Family
579,Yes,3,male,32.0,0,0,7.925,S,1,Mr,0,1.0,4.0,1,Male TW/ Family
580,Yes,2,female,25.0,1,1,30.0,S,3,Miss,1,1.0,2.0,1,Female TW/ Family
581,Yes,1,female,39.0,1,1,110.8833,C,3,Mrs,1,2.0,3.0,1,Female TW/ Family
582,No,2,male,54.0,0,0,26.0,S,1,Mr,0,1.0,4.0,0,Male TW/ Family
583,No,1,male,36.0,0,0,40.125,C,1,Mr,0,2.0,4.0,0,Male TW/ Family
584,No,3,male,27.0,0,0,8.7125,C,1,Mr,0,2.0,4.0,0,Male TW/ Family
585,Yes,1,female,18.0,0,2,79.65,S,3,Miss,1,1.0,2.0,1,Female TW/ Family
586,No,2,male,47.0,0,0,15.0,S,1,Mr,0,1.0,4.0,0,Male TW/ Family
587,Yes,1,male,60.0,1,1,79.2,C,3,Mr,0,2.0,4.0,1,Male TW/ Family
588,No,3,male,22.0,0,0,8.05,S,1,Mr,0,1.0,4.0,0,Male TW/ Family
589,No,3,male,23.0,0,0,8.05,S,1,Mr,0,1.0,4.0,0,Male TW/ Family
590,No,3,male,35.0,0,0,7.125,S,1,Mr,0,1.0,4.0,0,Male TW/ Family
591,Yes,1,female,52.0,1,0,78.2667,C,2,Mrs,1,2.0,3.0,1,Female TW/ Family
592,No,3,male,47.0,0,0,7.25,S,1,Mr,0,1.0,4.0,0,Male TW/ Family
593,No,3,female,15.0,0,2,7.75,Q,3,Miss,1,3.0,2.0,0,Child TW/ Sibling
594,No,2,male,37.0,1,0,26.0,S,2,Mr,0,1.0,4.0,0,Male TW/ Family
595,No,3,male,36.0,1,1,24.15,S,3,Mr,0,1.0,4.0,0,Male TW/ Family
596,Yes,2,female,28.0,0,0,33.0,S,1,Miss,1,1.0,2.0,1,Female TW/ Family
597,No,3,male,49.0,0,0,0.0,S,1,Mr,0,1.0,4.0,0,Male TW/ Family
598,No,3,male,43.0,0,0,7.225,C,1,Mr,0,2.0,4.0,0,Male TW/ Family
599,Yes,1,male,49.0,1,0,56.9292,C,2,Royalty,0,2.0,5.0,1,Male TW/ Family
600,Yes,2,female,24.0,2,1,27.0,S,4,Mrs,1,1.0,3.0,1,Female TW/ Family
601,No,3,male,38.0,0,0,7.8958,S,1,Mr,0,1.0,4.0,0,Male TW/ Family
602,No,1,male,37.0,0,0,42.4,S,1,Mr,0,1.0,4.0,0,Male TW/ Family
603,No,3,male,44.0,0,0,8.05,S,1,Mr,0,1.0,4.0,0,Male TW/ Family
604,Yes,1,male,35.0,0,0,26.55,C,1,Mr,0,2.0,4.0,1,Male TW/ Family
605,No,3,male,36.0,1,0,15.55,S,2,Mr,0,1.0,4.0,0,Male TW/ Family
606,No,3,male,30.0,0,0,7.8958,S,1,Mr,0,1.0,4.0,0,Male TW/ Family
607,Yes,1,male,27.0,0,0,30.5,S,1,Mr,0,1.0,4.0,1,Male TW/ Family
608,Yes,2,female,22.0,1,2,41.5792,C,4,Mrs,1,2.0,3.0,1,Female TW/ Family
609,Yes,1,female,40.0,0,0,153.4625,S,1,Miss,1,1.0,2.0,1,Female TW/ Family
610,No,3,female,39.0,1,5,31.275,S,7,Mrs,1,1.0,3.0,0,Female TW/ Family
611,No,3,male,22.0,0,0,7.05,S,1,Mr,0,1.0,4.0,0,Male TW/ Family
612,Yes,3,female,12.0,1,0,15.5,Q,2,Miss,1,3.0,2.0,1,Child TW/ Parent
613,No,3,male,35.0,0,0,7.75,Q,1,Mr,0,3.0,4.0,0,Male TW/ Family
614,No,3,male,35.0,0,0,8.05,S,1,Mr,0,1.0,4.0,0,Male TW/ Family
615,Yes,2,female,24.0,1,2,65.0,S,4,Miss,1,1.0,2.0,1,Female TW/ Family
616,No,3,male,34.0,1,1,14.4,S,3,Mr,0,1.0,4.0,0,Male TW/ Family
617,No,3,female,26.0,1,0,16.1,S,2,Mrs,1,1.0,3.0,0,Female TW/ Family
618,Yes,2,female,4.0,2,1,39.0,S,4,Miss,1,1.0,2.0,1,Child TW/ Family
619,No,2,male,26.0,0,0,10.5,S,1,Mr,0,1.0,4.0,0,Male TW/ Family
620,No,3,male,27.0,1,0,14.4542,C,2,Mr,0,2.0,4.0,0,Male TW/ Family
621,Yes,1,male,42.0,1,0,52.5542,S,2,Mr,0,1.0,4.0,1,Male TW/ Family
622,Yes,3,male,20.0,1,1,15.7417,C,3,Mr,0,2.0,4.0,1,Male TW/ Family
623,No,3,male,21.0,0,0,7.8542,S,1,Mr,0,1.0,4.0,0,Male TW/ Family
624,No,3,male,21.0,0,0,16.1,S,1,Mr,0,1.0,4.0,0,Male TW/ Family
625,No,1,male,61.0,0,0,32.3208,S,1,Mr,0,1.0,4.0,0,Male TW/ Family
626,No,2,male,57.0,0,0,12.35,Q,1,Officer,0,3.0,6.0,0,Male TW/ Family
627,Yes,1,female,21.0,0,0,77.9583,S,1,Miss,1,1.0,2.0,1,Female TW/ Family
628,No,3,male,26.0,0,0,7.8958,S,1,Mr,0,1.0,4.0,0,Male TW/ Family
629,No,3,male,28.0,0,0,7.7333,Q,1,Mr,0,3.0,4.0,0,Male TW/ Family
630,Yes,1,male,80.0,0,0,30.0,S,1,Mr,0,1.0,4.0,1,Male TW/ Family
631,No,3,male,51.0,0,0,7.0542,S,1,Mr,0,1.0,4.0,0,Male TW/ Family
632,Yes,1,male,32.0,0,0,30.5,C,1,Officer,0,2.0,6.0,1,Male TW/ Family
633,No,1,male,28.0,0,0,0.0,S,1,Mr,0,1.0,4.0,0,Male TW/ Family
634,No,3,female,9.0,3,2,27.9,S,6,Miss,1,1.0,2.0,0,Child TW/ Family
635,Yes,2,female,28.0,0,0,13.0,S,1,Miss,1,1.0,2.0,1,Female TW/ Family
636,No,3,male,32.0,0,0,7.925,S,1,Mr,0,1.0,4.0,0,Male TW/ Family
637,No,2,male,31.0,1,1,26.25,S,3,Mr,0,1.0,4.0,0,Male TW/ Family
638,No,3,female,41.0,0,5,39.6875,S,6,Mrs,1,1.0,3.0,0,Female TW/ Family
639,No,3,male,30.0,1,0,16.1,S,2,Mr,0,1.0,4.0,0,Male TW/ Family
640,No,3,male,20.0,0,0,7.8542,S,1,Mr,0,1.0,4.0,0,Male TW/ Family
641,Yes,1,female,24.0,0,0,69.3,C,1,Miss,1,2.0,2.0,1,Female TW/ Family
642,No,3,female,2.0,3,2,27.9,S,6,Miss,1,1.0,2.0,0,Child TW/ Family
643,Yes,3,male,40.0,0,0,56.4958,S,1,Mr,0,1.0,4.0,1,Male TW/ Family
644,Yes,3,female,0.75,2,1,19.2583,C,4,Miss,1,2.0,2.0,1,Child TW/ Family
645,Yes,1,male,48.0,1,0,76.7292,C,2,Mr,0,2.0,4.0,1,Male TW/ Family
646,No,3,male,19.0,0,0,7.8958,S,1,Mr,0,1.0,4.0,0,Male TW/ Family
647,Yes,1,male,56.0,0,0,35.5,C,1,Officer,0,2.0,6.0,1,Male TW/ Family
648,No,3,male,43.0,0,0,7.55,S,1,Mr,0,1.0,4.0,0,Male TW/ Family
649,Yes,3,female,23.0,0,0,7.55,S,1,Miss,1,1.0,2.0,1,Female TW/ Family
650,No,3,male,34.0,0,0,7.8958,S,1,Mr,0,1.0,4.0,0,Male TW/ Family
651,Yes,2,female,18.0,0,1,23.0,S,2,Miss,1,1.0,2.0,1,Female TW/ Family
652,No,3,male,21.0,0,0,8.4333,S,1,Mr,0,1.0,4.0,0,Male TW/ Family
653,Yes,3,female,9.0,0,0,7.8292,Q,1,Miss,1,3.0,2.0,1,Child TW/ Nanny
654,No,3,female,18.0,0,0,6.75,Q,1,Miss,1,3.0,2.0,0,Female TW/ Family
655,No,2,male,24.0,2,0,73.5,S,3,Mr,0,1.0,4.0,0,Male TW/ Family
656,No,3,male,28.0,0,0,7.8958,S,1,Mr,0,1.0,4.0,0,Male TW/ Family
657,No,3,female,32.0,1,1,15.5,Q,3,Mrs,1,3.0,3.0,0,Female TW/ Family
658,No,2,male,23.0,0,0,13.0,S,1,Mr,0,1.0,4.0,0,Male TW/ Family
659,No,1,male,58.0,0,2,113.275,C,3,Mr,0,2.0,4.0,0,Male TW/ Family
660,Yes,1,male,50.0,2,0,133.65,S,3,Officer,0,1.0,6.0,1,Male TW/ Family
661,No,3,male,40.0,0,0,7.225,C,1,Mr,0,2.0,4.0,0,Male TW/ Family
662,No,1,male,47.0,0,0,25.5875,S,1,Mr,0,1.0,4.0,0,Male TW/ Family
663,No,3,male,36.0,0,0,7.4958,S,1,Mr,0,1.0,4.0,0,Male TW/ Family
664,Yes,3,male,20.0,1,0,7.925,S,2,Mr,0,1.0,4.0,1,Male TW/ Family
665,No,2,male,32.0,2,0,73.5,S,3,Mr,0,1.0,4.0,0,Male TW/ Family
666,No,2,male,25.0,0,0,13.0,S,1,Mr,0,1.0,4.0,0,Male TW/ Family
667,No,3,male,34.0,0,0,7.775,S,1,Mr,0,1.0,4.0,0,Male TW/ Family
668,No,3,male,43.0,0,0,8.05,S,1,Mr,0,1.0,4.0,0,Male TW/ Family
669,Yes,1,female,41.0,1,0,52.0,S,2,Mrs,1,1.0,3.0,1,Female TW/ Family
670,Yes,2,female,40.0,1,1,39.0,S,3,Mrs,1,1.0,3.0,1,Female TW/ Family
671,No,1,male,31.0,1,0,52.0,S,2,Mr,0,1.0,4.0,0,Male TW/ Family
672,No,2,male,70.0,0,0,10.5,S,1,Mr,0,1.0,4.0,0,Male TW/ Family
673,Yes,2,male,31.0,0,0,13.0,S,1,Mr,0,1.0,4.0,1,Male TW/ Family
674,No,2,male,32.0,0,0,0.0,S,1,Mr,0,1.0,4.0,0,Male TW/ Family
675,No,3,male,18.0,0,0,7.775,S,1,Mr,0,1.0,4.0,0,Male TW/ Family
676,No,3,male,24.5,0,0,8.05,S,1,Mr,0,1.0,4.0,0,Male TW/ Family
677,Yes,3,female,18.0,0,0,9.8417,S,1,Miss,1,1.0,2.0,1,Female TW/ Family
678,No,3,female,43.0,1,6,46.9,S,8,Mrs,1,1.0,3.0,0,Female TW/ Family
679,Yes,1,male,36.0,0,1,512.3292,C,2,Mr,0,2.0,4.0,1,Male TW/ Family
680,No,3,female,26.0,0,0,8.1375,Q,1,Miss,1,3.0,2.0,0,Female TW/ Family
681,Yes,1,male,27.0,0,0,76.7292,C,1,Mr,0,2.0,4.0,1,Male TW/ Family
682,No,3,male,20.0,0,0,9.225,S,1,Mr,0,1.0,4.0,0,Male TW/ Family
683,No,3,male,14.0,5,2,46.9,S,8,Mr,0,1.0,4.0,0,Child TW/ Family
684,No,2,male,60.0,1,1,39.0,S,3,Mr,0,1.0,4.0,0,Male TW/ Family
685,No,2,male,25.0,1,2,41.5792,C,4,Mr,0,2.0,4.0,0,Male TW/ Family
686,No,3,male,14.0,4,1,39.6875,S,6,Mr,0,1.0,4.0,0,Child TW/ Family
687,No,3,male,19.0,0,0,10.1708,S,1,Mr,0,1.0,4.0,0,Male TW/ Family
688,No,3,male,18.0,0,0,7.7958,S,1,Mr,0,1.0,4.0,0,Male TW/ Family
689,Yes,1,female,15.0,0,1,211.3375,S,2,Miss,1,1.0,2.0,1,Child TW/ Sibling
690,Yes,1,male,31.0,1,0,57.0,S,2,Mr,0,1.0,4.0,1,Male TW/ Family
691,Yes,3,female,4.0,0,1,13.4167,C,2,Miss,1,2.0,2.0,1,Child TW/ Sibling
692,Yes,3,male,38.0,0,0,56.4958,S,1,Mr,0,1.0,4.0,1,Male TW/ Family
693,No,3,male,25.0,0,0,7.225,C,1,Mr,0,2.0,4.0,0,Male TW/ Family
694,No,1,male,60.0,0,0,26.55,S,1,Officer,0,1.0,6.0,0,Male TW/ Family
695,No,2,male,52.0,0,0,13.5,S,1,Mr,0,1.0,4.0,0,Male TW/ Family
696,No,3,male,44.0,0,0,8.05,S,1,Mr,0,1.0,4.0,0,Male TW/ Family
697,Yes,3,female,24.0,0,0,7.7333,Q,1,Miss,1,3.0,2.0,1,Female TW/ Family
698,No,1,male,49.0,1,1,110.8833,C,3,Mr,0,2.0,4.0,0,Male TW/ Family
699,No,3,male,42.0,0,0,7.65,S,1,Mr,0,1.0,4.0,0,Male TW/ Family
700,Yes,1,female,18.0,1,0,227.525,C,2,Mrs,1,2.0,3.0,1,Female TW/ Family
701,Yes,1,male,35.0,0,0,26.2875,S,1,Mr,0,1.0,4.0,1,Male TW/ Family
702,No,3,female,18.0,0,1,14.4542,C,2,Miss,1,2.0,2.0,0,Female TW/ Family
703,No,3,male,25.0,0,0,7.7417,Q,1,Mr,0,3.0,4.0,0,Male TW/ Family
704,No,3,male,26.0,1,0,7.8542,S,2,Mr,0,1.0,4.0,0,Male TW/ Family
705,No,2,male,39.0,0,0,26.0,S,1,Mr,0,1.0,4.0,0,Male TW/ Family
706,Yes,2,female,45.0,0,0,13.5,S,1,Mrs,1,1.0,3.0,1,Female TW/ Family
707,Yes,1,male,42.0,0,0,26.2875,S,1,Mr,0,1.0,4.0,1,Male TW/ Family
708,Yes,1,female,22.0,0,0,151.55,S,1,Miss,1,1.0,2.0,1,Female TW/ Family
709,Yes,3,male,7.0,1,1,15.2458,C,3,Master,0,2.0,1.0,1,Child TW/ Family
710,Yes,1,female,24.0,0,0,49.5042,C,1,Miss,1,2.0,2.0,1,Female TW/ Family
711,No,1,male,39.0,0,0,26.55,S,1,Mr,0,1.0,4.0,0,Male TW/ Family
712,Yes,1,male,48.0,1,0,52.0,S,2,Mr,0,1.0,4.0,1,Male TW/ Family
713,No,3,male,29.0,0,0,9.4833,S,1,Mr,0,1.0,4.0,0,Male TW/ Family
714,No,2,male,52.0,0,0,13.0,S,1,Mr,0,1.0,4.0,0,Male TW/ Family
715,No,3,male,19.0,0,0,7.65,S,1,Mr,0,1.0,4.0,0,Male TW/ Family
716,Yes,1,female,38.0,0,0,227.525,C,1,Miss,1,2.0,2.0,1,Female TW/ Family
717,Yes,2,female,27.0,0,0,10.5,S,1,Miss,1,1.0,2.0,1,Female TW/ Family
718,No,3,male,40.0,0,0,15.5,Q,1,Mr,0,3.0,4.0,0,Male TW/ Family
719,No,3,male,33.0,0,0,7.775,S,1,Mr,0,1.0,4.0,0,Male TW/ Family
720,Yes,2,female,6.0,0,1,33.0,S,2,Miss,1,1.0,2.0,1,Child TW/ Sibling
721,No,3,male,17.0,1,0,7.0542,S,2,Mr,0,1.0,4.0,0,Male TW/ Family
722,No,2,male,34.0,0,0,13.0,S,1,Mr,0,1.0,4.0,0,Male TW/ Family
723,No,2,male,50.0,0,0,13.0,S,1,Mr,0,1.0,4.0,0,Male TW/ Family
724,Yes,1,male,27.0,1,0,53.1,S,2,Mr,0,1.0,4.0,1,Male TW/ Family
725,No,3,male,20.0,0,0,8.6625,S,1,Mr,0,1.0,4.0,0,Male TW/ Family
726,Yes,2,female,30.0,3,0,21.0,S,4,Mrs,1,1.0,3.0,1,Female TW/ Family
727,Yes,3,female,31.0,0,0,7.7375,Q,1,Miss,1,3.0,2.0,1,Female TW/ Family
728,No,2,male,25.0,1,0,26.0,S,2,Mr,0,1.0,4.0,0,Male TW/ Family
729,No,3,female,25.0,1,0,7.925,S,2,Miss,1,1.0,2.0,0,Female TW/ Family
730,Yes,1,female,29.0,0,0,211.3375,S,1,Miss,1,1.0,2.0,1,Female TW/ Family
731,No,3,male,11.0,0,0,18.7875,C,1,Mr,0,2.0,4.0,0,Child TW/ Nanny
732,No,2,male,41.0,0,0,0.0,S,1,Mr,0,1.0,4.0,0,Male TW/ Family
733,No,2,male,23.0,0,0,13.0,S,1,Mr,0,1.0,4.0,0,Male TW/ Family
734,No,2,male,23.0,0,0,13.0,S,1,Mr,0,1.0,4.0,0,Male TW/ Family
735,No,3,male,28.5,0,0,16.1,S,1,Mr,0,1.0,4.0,0,Male TW/ Family
736,No,3,female,48.0,1,3,34.375,S,5,Mrs,1,1.0,3.0,0,Female TW/ Family
737,Yes,1,male,35.0,0,0,512.3292,C,1,Mr,0,2.0,4.0,1,Male TW/ Family
738,No,3,male,26.0,0,0,7.8958,S,1,Mr,0,1.0,4.0,0,Male TW/ Family
739,No,3,male,20.0,0,0,7.8958,S,1,Mr,0,1.0,4.0,0,Male TW/ Family
740,Yes,1,male,20.0,0,0,30.0,S,1,Mr,0,1.0,4.0,1,Male TW/ Family
741,No,1,male,36.0,1,0,78.85,S,2,Mr,0,1.0,4.0,0,Male TW/ Family
742,Yes,1,female,21.0,2,2,262.375,C,5,Miss,1,2.0,2.0,1,Female TW/ Family
743,No,3,male,24.0,1,0,16.1,S,2,Mr,0,1.0,4.0,0,Male TW/ Family
744,Yes,3,male,31.0,0,0,7.925,S,1,Mr,0,1.0,4.0,1,Male TW/ Family
745,No,1,male,70.0,1,1,71.0,S,3,Officer,0,1.0,6.0,0,Male TW/ Family
746,No,3,male,16.0,1,1,20.25,S,3,Mr,0,1.0,4.0,0,Male TW/ Family
747,Yes,2,female,30.0,0,0,13.0,S,1,Miss,1,1.0,2.0,1,Female TW/ Family
748,No,1,male,19.0,1,0,53.1,S,2,Mr,0,1.0,4.0,0,Male TW/ Family
749,No,3,male,31.0,0,0,7.75,Q,1,Mr,0,3.0,4.0,0,Male TW/ Family
750,Yes,2,female,4.0,1,1,23.0,S,3,Miss,1,1.0,2.0,1,Child TW/ Family
751,Yes,3,male,6.0,0,1,12.475,S,2,Master,0,1.0,1.0,1,Child TW/ Sibling
752,No,3,male,33.0,0,0,9.5,S,1,Mr,0,1.0,4.0,0,Male TW/ Family
753,No,3,male,23.0,0,0,7.8958,S,1,Mr,0,1.0,4.0,0,Male TW/ Family
754,Yes,2,female,48.0,1,2,65.0,S,4,Mrs,1,1.0,3.0,1,Female TW/ Family
755,Yes,2,male,0.67,1,1,14.5,S,3,Master,0,1.0,1.0,1,Child TW/ Family
756,No,3,male,28.0,0,0,7.7958,S,1,Mr,0,1.0,4.0,0,Male TW/ Family
757,No,2,male,18.0,0,0,11.5,S,1,Mr,0,1.0,4.0,0,Male TW/ Family
758,No,3,male,34.0,0,0,8.05,S,1,Mr,0,1.0,4.0,0,Male TW/ Family
759,Yes,1,female,33.0,0,0,86.5,S,1,,1,1.0,,1,Female TW/ Family
760,No,3,male,20.0,0,0,14.5,S,1,Mr,0,1.0,4.0,0,Male TW/ Family
761,No,3,male,41.0,0,0,7.125,S,1,Mr,0,1.0,4.0,0,Male TW/ Family
762,Yes,3,male,20.0,0,0,7.2292,C,1,Mr,0,2.0,4.0,1,Male TW/ Family
763,Yes,1,female,36.0,1,2,120.0,S,4,Mrs,1,1.0,3.0,1,Female TW/ Family
764,No,3,male,16.0,0,0,7.775,S,1,Mr,0,1.0,4.0,0,Male TW/ Family
765,Yes,1,female,51.0,1,0,77.9583,S,2,Mrs,1,1.0,3.0,1,Female TW/ Family
766,No,1,male,43.0,0,0,39.6,C,1,Officer,0,2.0,6.0,0,Male TW/ Family
767,No,3,female,30.5,0,0,7.75,Q,1,Miss,1,3.0,2.0,0,Female TW/ Family
768,No,3,male,35.0,1,0,24.15,Q,2,Mr,0,3.0,4.0,0,Male TW/ Family
769,No,3,male,32.0,0,0,8.3625,S,1,Mr,0,1.0,4.0,0,Male TW/ Family
770,No,3,male,24.0,0,0,9.5,S,1,Mr,0,1.0,4.0,0,Male TW/ Family
771,No,3,male,48.0,0,0,7.8542,S,1,Mr,0,1.0,4.0,0,Male TW/ Family
772,No,2,female,57.0,0,0,10.5,S,1,Mrs,1,1.0,3.0,0,Female TW/ Family
773,No,3,male,30.0,0,0,7.225,C,1,Mr,0,2.0,4.0,0,Male TW/ Family
774,Yes,2,female,54.0,1,3,23.0,S,5,Mrs,1,1.0,3.0,1,Female TW/ Family
775,No,3,male,18.0,0,0,7.75,S,1,Mr,0,1.0,4.0,0,Male TW/ Family
776,No,3,male,20.0,0,0,7.75,Q,1,Mr,0,3.0,4.0,0,Male TW/ Family
777,Yes,3,female,5.0,0,0,12.475,S,1,Miss,1,1.0,2.0,1,Child TW/ Nanny
778,No,3,male,29.0,0,0,7.7375,Q,1,Mr,0,3.0,4.0,0,Male TW/ Family
779,Yes,1,female,43.0,0,1,211.3375,S,2,Mrs,1,1.0,3.0,1,Female TW/ Family
780,Yes,3,female,13.0,0,0,7.2292,C,1,Miss,1,2.0,2.0,1,Child TW/ Nanny
781,Yes,1,female,17.0,1,0,57.0,S,2,Mrs,1,1.0,3.0,1,Female TW/ Family
782,No,1,male,29.0,0,0,30.0,S,1,Mr,0,1.0,4.0,0,Male TW/ Family
783,No,3,male,28.0,1,2,23.45,S,4,Mr,0,1.0,4.0,0,Male TW/ Family
784,No,3,male,25.0,0,0,7.05,S,1,Mr,0,1.0,4.0,0,Male TW/ Family
785,No,3,male,25.0,0,0,7.25,S,1,Mr,0,1.0,4.0,0,Male TW/ Family
786,Yes,3,female,18.0,0,0,7.4958,S,1,Miss,1,1.0,2.0,1,Female TW/ Family
787,No,3,male,8.0,4,1,29.125,Q,6,Master,0,3.0,1.0,0,Child TW/ Family
788,Yes,3,male,1.0,1,2,20.575,S,4,Master,0,1.0,1.0,1,Child TW/ Family
789,No,1,male,46.0,0,0,79.2,C,1,Mr,0,2.0,4.0,0,Male TW/ Family
790,No,3,male,35.0,0,0,7.75,Q,1,Mr,0,3.0,4.0,0,Male TW/ Family
791,No,2,male,16.0,0,0,26.0,S,1,Mr,0,1.0,4.0,0,Male TW/ Family
792,No,3,female,21.0,8,2,69.55,S,11,Miss,1,1.0,2.0,0,Female TW/ Family
793,No,1,male,39.0,0,0,30.6958,C,1,Mr,0,2.0,4.0,0,Male TW/ Family
794,No,3,male,25.0,0,0,7.8958,S,1,Mr,0,1.0,4.0,0,Male TW/ Family
795,No,2,male,39.0,0,0,13.0,S,1,Mr,0,1.0,4.0,0,Male TW/ Family
796,Yes,1,female,49.0,0,0,25.9292,S,1,Officer,1,1.0,6.0,1,Female TW/ Family
797,Yes,3,female,31.0,0,0,8.6833,S,1,Mrs,1,1.0,3.0,1,Female TW/ Family
798,No,3,male,30.0,0,0,7.2292,C,1,Mr,0,2.0,4.0,0,Male TW/ Family
799,No,3,female,30.0,1,1,24.15,S,3,Mrs,1,1.0,3.0,0,Female TW/ Family
800,No,2,male,34.0,0,0,13.0,S,1,Mr,0,1.0,4.0,0,Male TW/ Family
801,Yes,2,female,31.0,1,1,26.25,S,3,Mrs,1,1.0,3.0,1,Female TW/ Family
802,Yes,1,male,11.0,1,2,120.0,S,4,Master,0,1.0,1.0,1,Child TW/ Family
803,Yes,3,male,0.42,0,1,8.5167,C,2,Master,0,2.0,1.0,1,Child TW/ Sibling
804,Yes,3,male,27.0,0,0,6.975,S,1,Mr,0,1.0,4.0,1,Male TW/ Family
805,No,3,male,31.0,0,0,7.775,S,1,Mr,0,1.0,4.0,0,Male TW/ Family
806,No,1,male,39.0,0,0,0.0,S,1,Mr,0,1.0,4.0,0,Male TW/ Family
807,No,3,female,18.0,0,0,7.775,S,1,Miss,1,1.0,2.0,0,Female TW/ Family
808,No,2,male,39.0,0,0,13.0,S,1,Mr,0,1.0,4.0,0,Male TW/ Family
809,Yes,1,female,33.0,1,0,53.1,S,2,Mrs,1,1.0,3.0,1,Female TW/ Family
810,No,3,male,26.0,0,0,7.8875,S,1,Mr,0,1.0,4.0,0,Male TW/ Family
811,No,3,male,39.0,0,0,24.15,S,1,Mr,0,1.0,4.0,0,Male TW/ Family
812,No,2,male,35.0,0,0,10.5,S,1,Mr,0,1.0,4.0,0,Male TW/ Family
813,No,3,female,6.0,4,2,31.275,S,7,Miss,1,1.0,2.0,0,Child TW/ Family
814,No,3,male,30.5,0,0,8.05,S,1,Mr,0,1.0,4.0,0,Male TW/ Family
815,No,1,male,29.0,0,0,0.0,S,1,Mr,0,1.0,4.0,0,Male TW/ Family
816,No,3,female,23.0,0,0,7.925,S,1,Miss,1,1.0,2.0,0,Female TW/ Family
817,No,2,male,31.0,1,1,37.0042,C,3,Mr,0,2.0,4.0,0,Male TW/ Family
818,No,3,male,43.0,0,0,6.45,S,1,Mr,0,1.0,4.0,0,Male TW/ Family
819,No,3,male,10.0,3,2,27.9,S,6,Master,0,1.0,1.0,0,Child TW/ Family
820,Yes,1,female,52.0,1,1,93.5,S,3,Mrs,1,1.0,3.0,1,Female TW/ Family
821,Yes,3,male,27.0,0,0,8.6625,S,1,Mr,0,1.0,4.0,1,Male TW/ Family
822,No,1,male,38.0,0,0,0.0,S,1,Royalty,0,1.0,5.0,0,Male TW/ Family
823,Yes,3,female,27.0,0,1,12.475,S,2,Mrs,1,1.0,3.0,1,Female TW/ Family
824,No,3,male,2.0,4,1,39.6875,S,6,Master,0,1.0,1.0,0,Child TW/ Family
825,No,3,male,32.0,0,0,6.95,Q,1,Mr,0,3.0,4.0,0,Male TW/ Family
826,No,3,male,30.0,0,0,56.4958,S,1,Mr,0,1.0,4.0,0,Male TW/ Family
827,Yes,2,male,1.0,0,2,37.0042,C,3,Master,0,2.0,1.0,1,Child TW/ Sibling
828,Yes,3,male,42.0,0,0,7.75,Q,1,Mr,0,3.0,4.0,1,Male TW/ Family
829,Yes,1,female,62.0,0,0,80.0,,1,Mrs,1,,3.0,1,Female TW/ Family
830,Yes,3,female,15.0,1,0,14.4542,C,2,Mrs,1,2.0,3.0,1,Child TW/ Parent
831,Yes,2,male,0.83,1,1,18.75,S,3,Master,0,1.0,1.0,1,Child TW/ Family
832,No,3,male,26.0,0,0,7.2292,C,1,Mr,0,2.0,4.0,0,Male TW/ Family
833,No,3,male,23.0,0,0,7.8542,S,1,Mr,0,1.0,4.0,0,Male TW/ Family
834,No,3,male,18.0,0,0,8.3,S,1,Mr,0,1.0,4.0,0,Male TW/ Family
835,Yes,1,female,39.0,1,1,83.1583,C,3,Miss,1,2.0,2.0,1,Female TW/ Family
836,No,3,male,21.0,0,0,8.6625,S,1,Mr,0,1.0,4.0,0,Male TW/ Family
837,No,3,male,27.0,0,0,8.05,S,1,Mr,0,1.0,4.0,0,Male TW/ Family
838,Yes,3,male,32.0,0,0,56.4958,S,1,Mr,0,1.0,4.0,1,Male TW/ Family
839,Yes,1,male,37.0,0,0,29.7,C,1,Mr,0,2.0,4.0,1,Male TW/ Family
840,No,3,male,20.0,0,0,7.925,S,1,Mr,0,1.0,4.0,0,Male TW/ Family
841,No,2,male,16.0,0,0,10.5,S,1,Mr,0,1.0,4.0,0,Male TW/ Family
842,Yes,1,female,30.0,0,0,31.0,C,1,Miss,1,2.0,2.0,1,Female TW/ Family
843,No,3,male,34.5,0,0,6.4375,C,1,Mr,0,2.0,4.0,0,Male TW/ Family
844,No,3,male,17.0,0,0,8.6625,S,1,Mr,0,1.0,4.0,0,Male TW/ Family
845,No,3,male,42.0,0,0,7.55,S,1,Mr,0,1.0,4.0,0,Male TW/ Family
846,No,3,male,42.0,8,2,69.55,S,11,Mr,0,1.0,4.0,0,Male TW/ Family
847,No,3,male,35.0,0,0,7.8958,C,1,Mr,0,2.0,4.0,0,Male TW/ Family
848,No,2,male,28.0,0,1,33.0,S,2,Officer,0,1.0,6.0,0,Male TW/ Family
849,Yes,1,female,39.0,1,0,89.1042,C,2,Mrs,1,2.0,3.0,1,Female TW/ Family
850,No,3,male,4.0,4,2,31.275,S,7,Master,0,1.0,1.0,0,Child TW/ Family
851,No,3,male,74.0,0,0,7.775,S,1,Mr,0,1.0,4.0,0,Male TW/ Family
852,No,3,female,9.0,1,1,15.2458,C,3,Miss,1,2.0,2.0,0,Child TW/ Family
853,Yes,1,female,16.0,0,1,39.4,S,2,Miss,1,1.0,2.0,1,Female TW/ Family
854,No,2,female,44.0,1,0,26.0,S,2,Mrs,1,1.0,3.0,0,Female TW/ Family
855,Yes,3,female,18.0,0,1,9.35,S,2,Mrs,1,1.0,3.0,1,Female TW/ Family
856,Yes,1,female,45.0,1,1,164.8667,S,3,Mrs,1,1.0,3.0,1,Female TW/ Family
857,Yes,1,male,51.0,0,0,26.55,S,1,Mr,0,1.0,4.0,1,Male TW/ Family
858,Yes,3,female,24.0,0,3,19.2583,C,4,Mrs,1,2.0,3.0,1,Female TW/ Family
859,No,3,male,42.0,0,0,7.2292,C,1,Mr,0,2.0,4.0,0,Male TW/ Family
860,No,3,male,41.0,2,0,14.1083,S,3,Mr,0,1.0,4.0,0,Male TW/ Family
861,No,2,male,21.0,1,0,11.5,S,2,Mr,0,1.0,4.0,0,Male TW/ Family
862,Yes,1,female,48.0,0,0,25.9292,S,1,Mrs,1,1.0,3.0,1,Female TW/ Family
863,No,3,female,27.0,8,2,69.55,S,11,Miss,1,1.0,2.0,0,Female TW/ Family
864,No,2,male,24.0,0,0,13.0,S,1,Mr,0,1.0,4.0,0,Male TW/ Family
865,Yes,2,female,42.0,0,0,13.0,S,1,Mrs,1,1.0,3.0,1,Female TW/ Family
866,Yes,2,female,27.0,1,0,13.8583,C,2,Miss,1,2.0,2.0,1,Female TW/ Family
867,No,1,male,31.0,0,0,50.4958,S,1,Mr,0,1.0,4.0,0,Male TW/ Family
868,No,3,male,38.0,0,0,9.5,S,1,Mr,0,1.0,4.0,0,Male TW/ Family
869,Yes,3,male,4.0,1,1,11.1333,S,3,Master,0,1.0,1.0,1,Child TW/ Family
870,No,3,male,26.0,0,0,7.8958,S,1,Mr,0,1.0,4.0,0,Male TW/ Family
871,Yes,1,female,47.0,1,1,52.5542,S,3,Mrs,1,1.0,3.0,1,Female TW/ Family
872,No,1,male,33.0,0,0,5.0,S,1,Mr,0,1.0,4.0,0,Male TW/ Family
873,No,3,male,47.0,0,0,9.0,S,1,Mr,0,1.0,4.0,0,Male TW/ Family
874,Yes,2,female,28.0,1,0,24.0,C,2,Mrs,1,2.0,3.0,1,Female TW/ Family
875,Yes,3,female,15.0,0,0,7.225,C,1,Miss,1,2.0,2.0,1,Child TW/ Nanny
876,No,3,male,20.0,0,0,9.8458,S,1,Mr,0,1.0,4.0,0,Male TW/ Family
877,No,3,male,19.0,0,0,7.8958,S,1,Mr,0,1.0,4.0,0,Male TW/ Family
878,No,3,male,28.0,0,0,7.8958,S,1,Mr,0,1.0,4.0,0,Male TW/ Family
879,Yes,1,female,56.0,0,1,83.1583,C,2,Mrs,1,2.0,3.0,1,Female TW/ Family
880,Yes,2,female,25.0,0,1,26.0,S,2,Mrs,1,1.0,3.0,1,Female TW/ Family
881,No,3,male,33.0,0,0,7.8958,S,1,Mr,0,1.0,4.0,0,Male TW/ Family
882,No,3,female,22.0,0,0,10.5167,S,1,Miss,1,1.0,2.0,0,Female TW/ Family
883,No,2,male,28.0,0,0,10.5,S,1,Mr,0,1.0,4.0,0,Male TW/ Family
884,No,3,male,25.0,0,0,7.05,S,1,Mr,0,1.0,4.0,0,Male TW/ Family
885,No,3,female,39.0,0,5,29.125,Q,6,Mrs,1,3.0,3.0,0,Female TW/ Family
886,No,2,male,27.0,0,0,13.0,S,1,Officer,0,1.0,6.0,0,Male TW/ Family
887,Yes,1,female,19.0,0,0,30.0,S,1,Miss,1,1.0,2.0,1,Female TW/ Family
888,No,3,female,15.0,1,2,23.45,S,4,Miss,1,1.0,2.0,0,Child TW/ Family
889,Yes,1,male,26.0,0,0,30.0,C,1,Mr,0,2.0,4.0,1,Male TW/ Family
890,No,3,male,32.0,0,0,7.75,Q,1,Mr,0,3.0,4.0,0,Male TW/ Family
